variant,set,target,rank,comp,pitcher,pitch_type,site_pct,d2,used,flag,sigma,ours_pct,abs_err,chosen
tjstats_6_pitch_same,fit,Tarik Skubal,1,Adrian Morejon,670970.0,CH,70.0,1.4656535706433262,True,,1.5373,73.33828763164149,3.3382876316414922,False
tjstats_6_pitch_same,fit,Tarik Skubal,1,Adrian Morejon,670970.0,CU,,,False,,1.5373,,,False
tjstats_6_pitch_same,fit,Tarik Skubal,1,Adrian Morejon,670970.0,FF,86.0,0.7071981999609855,True,,1.5373,86.10338480318607,0.10338480318607424,False
tjstats_6_pitch_same,fit,Tarik Skubal,1,Adrian Morejon,670970.0,FS,,,False,,1.5373,,,False
tjstats_6_pitch_same,fit,Tarik Skubal,1,Adrian Morejon,670970.0,SI,73.0,1.268905263243879,True,,1.5373,76.45548877011183,3.4554887701118275,False
tjstats_6_pitch_same,fit,Tarik Skubal,1,Adrian Morejon,670970.0,SL,39.0,4.28808590836141,True,,1.5373,40.364175292938214,1.3641752929382136,False
tjstats_6_pitch_same,fit,Tarik Skubal,2,Matthew Liberatore,669461.0,CH,80.0,1.2062612205082723,True,,1.5373,77.47554085686524,2.524459143134763,False
tjstats_6_pitch_same,fit,Tarik Skubal,2,Matthew Liberatore,669461.0,CU,10.0,8.722646925523437,True,,1.5373,15.79550575010674,5.79550575010674,False
tjstats_6_pitch_same,fit,Tarik Skubal,2,Matthew Liberatore,669461.0,FF,49.0,3.8070815742006543,True,,1.5373,44.68815221183195,4.311847788168052,False
tjstats_6_pitch_same,fit,Tarik Skubal,2,Matthew Liberatore,669461.0,FS,,,False,,1.5373,,,False
tjstats_6_pitch_same,fit,Tarik Skubal,2,Matthew Liberatore,669461.0,SI,67.0,1.7133643883690175,True,,1.5373,69.59375230232641,2.5937523023264077,False
tjstats_6_pitch_same,fit,Tarik Skubal,2,Matthew Liberatore,669461.0,SL,48.0,3.0678913677198567,True,,1.5373,52.253057514504086,4.253057514504086,False
tjstats_6_pitch_same,fit,Tarik Skubal,3,Brock Burke,656271.0,CH,78.0,1.299604187523952,True,,1.5373,75.96052321271584,2.0394767872841584,False
tjstats_6_pitch_same,fit,Tarik Skubal,3,Brock Burke,656271.0,CU,,,False,,1.5373,,,False
tjstats_6_pitch_same,fit,Tarik Skubal,3,Brock Burke,656271.0,FF,55.0,3.0110625996097737,True,,1.5373,52.88509978652884,2.1149002134711594,False
tjstats_6_pitch_same,fit,Tarik Skubal,3,Brock Burke,656271.0,FS,,,False,,1.5373,,,False
tjstats_6_pitch_same,fit,Tarik Skubal,3,Brock Burke,656271.0,SI,43.0,3.425620783463687,True,,1.5373,48.444258442114915,5.444258442114915,False
tjstats_6_pitch_same,fit,Tarik Skubal,3,Brock Burke,656271.0,SL,53.0,2.935641644241035,True,,1.5373,53.73574347084145,0.7357434708414488,False
tjstats_6_pitch_same,fit,Tarik Skubal,4,Max Fried,608331.0,CH,68.0,2.173154796388403,True,,1.5373,63.14269973817544,4.857300261824562,False
tjstats_6_pitch_same,fit,Tarik Skubal,4,Max Fried,608331.0,CU,11.0,9.652111040162493,True,,1.5373,12.975712432181979,1.9757124321819788,False
tjstats_6_pitch_same,fit,Tarik Skubal,4,Max Fried,608331.0,FF,80.0,1.005312704041483,True,,1.5373,80.84039926968232,0.8403992696823224,False
tjstats_6_pitch_same,fit,Tarik Skubal,4,Max Fried,608331.0,FS,,,False,,1.5373,,,False
tjstats_6_pitch_same,fit,Tarik Skubal,4,Max Fried,608331.0,SI,24.0,5.918746299345782,True,,1.5373,28.586794597729288,4.586794597729288,False
tjstats_6_pitch_same,fit,Tarik Skubal,4,Max Fried,608331.0,SL,39.0,4.2817598144719184,True,,1.5373,40.41823517958279,1.418235179582787,False
tjstats_6_pitch_same,fit,Tarik Skubal,5,Easton Lucas,687922.0,CH,93.0,0.28357645468553566,True,,1.5373,94.17682197116932,1.1768219711693177,False
tjstats_6_pitch_same,fit,Tarik Skubal,5,Easton Lucas,687922.0,CU,,,False,,1.5373,,,False
tjstats_6_pitch_same,fit,Tarik Skubal,5,Easton Lucas,687922.0,FF,62.0,2.7636993509330896,True,,1.5373,55.72651762880698,6.273482371193019,False
tjstats_6_pitch_same,fit,Tarik Skubal,5,Easton Lucas,687922.0,FS,,,False,,1.5373,,,False
tjstats_6_pitch_same,fit,Tarik Skubal,5,Easton Lucas,687922.0,SI,,,False,,1.5373,,,False
tjstats_6_pitch_same,fit,Tarik Skubal,5,Easton Lucas,687922.0,SL,61.0,2.085430910499343,True,,1.5373,64.32555110401539,3.325551104015389,False
tjstats_6_pitch_same,fit,Tarik Skubal,6,Jordan Wicks,696136.0,CH,55.0,2.929692642430855,True,,1.5373,53.80341927874069,1.1965807212593091,False
tjstats_6_pitch_same,fit,Tarik Skubal,6,Jordan Wicks,696136.0,CU,,,False,,1.5373,,,False
tjstats_6_pitch_same,fit,Tarik Skubal,6,Jordan Wicks,696136.0,FF,65.0,2.3408552430015748,True,,1.5373,60.941657120728756,4.058342879271244,False
tjstats_6_pitch_same,fit,Tarik Skubal,6,Jordan Wicks,696136.0,FS,,,False,,1.5373,,,False
tjstats_6_pitch_same,fit,Tarik Skubal,6,Jordan Wicks,696136.0,SI,49.0,2.881201128802879,True,,1.5373,54.358246875225134,5.358246875225134,False
tjstats_6_pitch_same,fit,Tarik Skubal,6,Jordan Wicks,696136.0,SL,57.0,3.0683551812559156,True,,1.5373,52.24793024001002,4.752069759989979,False
tjstats_6_pitch_same,fit,Tarik Skubal,7,Dietrich Enns,608650.0,CH,52.0,2.885620475177903,True,,1.5373,54.30744576345587,2.307445763455867,False
tjstats_6_pitch_same,fit,Tarik Skubal,7,Dietrich Enns,608650.0,CU,45.0,3.6462666608328558,True,,1.5373,46.23476118841741,1.2347611884174086,False
tjstats_6_pitch_same,fit,Tarik Skubal,7,Dietrich Enns,608650.0,FF,61.0,2.8165449503200004,True,,1.5373,55.10693686158197,5.893063138418029,False
tjstats_6_pitch_same,fit,Tarik Skubal,7,Dietrich Enns,608650.0,FS,,,False,,1.5373,,,False
tjstats_6_pitch_same,fit,Tarik Skubal,7,Dietrich Enns,608650.0,SI,55.0,2.531337532832343,True,,1.5373,58.534525039501176,3.534525039501176,False
tjstats_6_pitch_same,fit,Tarik Skubal,7,Dietrich Enns,608650.0,SL,,,False,,1.5373,,,False
tjstats_6_pitch_same,fit,Tarik Skubal,8,Eduardo Rodriguez,593958.0,CH,80.0,0.8253488560088368,True,,1.5373,83.97773177042912,3.9777317704291164,False
tjstats_6_pitch_same,fit,Tarik Skubal,8,Eduardo Rodriguez,593958.0,CU,72.0,1.0950853654262576,True,,1.5373,79.31947524800725,7.319475248007251,False
tjstats_6_pitch_same,fit,Tarik Skubal,8,Eduardo Rodriguez,593958.0,FF,28.0,7.492094073038089,True,,1.5373,20.49278185341489,7.50721814658511,False
tjstats_6_pitch_same,fit,Tarik Skubal,8,Eduardo Rodriguez,593958.0,FS,,,False,,1.5373,,,False
tjstats_6_pitch_same,fit,Tarik Skubal,8,Eduardo Rodriguez,593958.0,SI,35.0,4.301066789137634,True,,1.5373,40.25347296149901,5.253472961499007,False
tjstats_6_pitch_same,fit,Tarik Skubal,8,Eduardo Rodriguez,593958.0,SL,35.0,3.5235072440187865,True,,1.5373,47.45130616012152,12.451306160121518,False
tjstats_6_pitch_same,fit,Tarik Skubal,9,Jared Koenig,657649.0,CH,51.0,5.92759142235311,True,,1.5373,28.53334852584441,22.46665147415559,False
tjstats_6_pitch_same,fit,Tarik Skubal,9,Jared Koenig,657649.0,CU,19.0,10.105102793489142,True,,1.5373,11.789863834025383,7.2101361659746175,False
tjstats_6_pitch_same,fit,Tarik Skubal,9,Jared Koenig,657649.0,FF,58.0,2.172656049468387,True,,1.5373,63.149362879687146,5.149362879687146,False
tjstats_6_pitch_same,fit,Tarik Skubal,9,Jared Koenig,657649.0,FS,,,False,,1.5373,,,False
tjstats_6_pitch_same,fit,Tarik Skubal,9,Jared Koenig,657649.0,SI,56.0,1.956242408874189,True,,1.5373,66.10796592452414,10.107965924524137,False
tjstats_6_pitch_same,fit,Tarik Skubal,9,Jared Koenig,657649.0,SL,,,False,,1.5373,,,False
tjstats_6_pitch_same,fit,Tarik Skubal,10,Grant Wolfram,664991.0,CH,,,False,,1.5373,,,False
tjstats_6_pitch_same,fit,Tarik Skubal,10,Grant Wolfram,664991.0,CU,65.0,2.2964875897274033,True,,1.5373,61.51639971970005,3.483600280299953,False
tjstats_6_pitch_same,fit,Tarik Skubal,10,Grant Wolfram,664991.0,FF,60.0,2.8637662434351925,True,,1.5373,54.55912771833729,5.440872281662713,False
tjstats_6_pitch_same,fit,Tarik Skubal,10,Grant Wolfram,664991.0,FS,,,False,,1.5373,,,False
tjstats_6_pitch_same,fit,Tarik Skubal,10,Grant Wolfram,664991.0,SI,81.0,0.9378554774876129,True,,1.5373,82.00241623002064,1.0024162300206427,False
tjstats_6_pitch_same,fit,Tarik Skubal,10,Grant Wolfram,664991.0,SL,56.0,2.4765717474693805,True,,1.5373,59.216695063117164,3.2166950631171645,False
tjstats_6_pitch_same,fit,Tarik Skubal,11,Blake Snell,605483.0,CH,55.0,2.916287493993979,True,,1.5373,53.95622874356314,1.0437712564368624,False
tjstats_6_pitch_same,fit,Tarik Skubal,11,Blake Snell,605483.0,CU,43.0,4.339075912843003,True,,1.5373,39.93107006893961,3.0689299310603886,False
tjstats_6_pitch_same,fit,Tarik Skubal,11,Blake Snell,605483.0,FF,63.0,2.296562404470265,True,,1.5373,61.515426014676365,1.4845739853236353,False
tjstats_6_pitch_same,fit,Tarik Skubal,11,Blake Snell,605483.0,FS,,,False,,1.5373,,,False
tjstats_6_pitch_same,fit,Tarik Skubal,11,Blake Snell,605483.0,SI,,,False,,1.5373,,,False
tjstats_6_pitch_same,fit,Tarik Skubal,11,Blake Snell,605483.0,SL,60.0,2.9153004982579303,True,,1.5373,53.96749695425155,6.032503045748449,False
tjstats_6_pitch_same,fit,Tarik Skubal,12,Reid Detmers,672282.0,CH,,,False,,1.5373,,,False
tjstats_6_pitch_same,fit,Tarik Skubal,12,Reid Detmers,672282.0,CU,8.0,11.980267416801738,True,,1.5373,7.928888059749399,0.07111194025060108,False
tjstats_6_pitch_same,fit,Tarik Skubal,12,Reid Detmers,672282.0,FF,66.0,2.1939628499976345,True,,1.5373,62.865334680402526,3.134665319597474,False
tjstats_6_pitch_same,fit,Tarik Skubal,12,Reid Detmers,672282.0,FS,,,False,,1.5373,,,False
tjstats_6_pitch_same,fit,Tarik Skubal,12,Reid Detmers,672282.0,SI,81.0,1.1424343267328616,True,,1.5373,78.52885203212315,2.4711479678768455,False
tjstats_6_pitch_same,fit,Tarik Skubal,12,Reid Detmers,672282.0,SL,37.0,3.89434794611191,True,,1.5373,43.870649746473504,6.870649746473504,False
tjstats_6_pitch_same,fit,Tarik Skubal,13,Bennett Sousa,656986.0,CH,,,False,,1.5373,,,False
tjstats_6_pitch_same,fit,Tarik Skubal,13,Bennett Sousa,656986.0,CU,,,False,,1.5373,,,False
tjstats_6_pitch_same,fit,Tarik Skubal,13,Bennett Sousa,656986.0,FF,80.0,1.1294387814873876,True,,1.5373,78.7450609875827,1.2549390124172959,False
tjstats_6_pitch_same,fit,Tarik Skubal,13,Bennett Sousa,656986.0,FS,,,False,,1.5373,,,False
tjstats_6_pitch_same,fit,Tarik Skubal,13,Bennett Sousa,656986.0,SI,63.0,1.7553469672860804,True,,1.5373,68.97834195701864,5.9783419570186425,False
tjstats_6_pitch_same,fit,Tarik Skubal,13,Bennett Sousa,656986.0,SL,40.0,4.116488177313066,True,,1.5373,41.856515075988455,1.8565150759884546,False
tjstats_6_pitch_same,fit,Tarik Skubal,14,Jalen Beeks,656222.0,CH,85.0,0.6309411111556639,True,,1.5373,87.50381441865915,2.5038144186591467,False
tjstats_6_pitch_same,fit,Tarik Skubal,14,Jalen Beeks,656222.0,CU,,,False,,1.5373,,,False
tjstats_6_pitch_same,fit,Tarik Skubal,14,Jalen Beeks,656222.0,FF,57.0,3.109070173126697,True,,1.5373,51.799797143002316,5.200202856997684,False
tjstats_6_pitch_same,fit,Tarik Skubal,14,Jalen Beeks,656222.0,FS,,,False,,1.5373,,,False
tjstats_6_pitch_same,fit,Tarik Skubal,14,Jalen Beeks,656222.0,SI,,,False,,1.5373,,,False
tjstats_6_pitch_same,fit,Tarik Skubal,14,Jalen Beeks,656222.0,SL,,,False,,1.5373,,,False
tjstats_6_pitch_same,fit,Tarik Skubal,15,Garrett Crochet,676979.0,CH,59.0,3.1947681339522185,True,,1.5373,50.86907480887937,8.130925191120632,False
tjstats_6_pitch_same,fit,Tarik Skubal,15,Garrett Crochet,676979.0,CU,,,False,,1.5373,,,False
tjstats_6_pitch_same,fit,Tarik Skubal,15,Garrett Crochet,676979.0,FF,51.0,4.221655276550644,True,,1.5373,40.93548647860762,10.064513521392378,False
tjstats_6_pitch_same,fit,Tarik Skubal,15,Garrett Crochet,676979.0,FS,13.0,,False,"site matched, ours not",1.5373,,,False
tjstats_6_pitch_same,fit,Tarik Skubal,15,Garrett Crochet,676979.0,SI,40.0,4.331029350906702,True,,1.5373,39.99910685375912,0.0008931462408767743,False
tjstats_6_pitch_same,fit,Tarik Skubal,15,Garrett Crochet,676979.0,SL,,,False,,1.5373,,,False
tjstats_6_pitch_same,fit,Tarik Skubal,16,Parker Messick,800048.0,CH,56.0,3.05567516658099,True,,1.5373,52.38828407016065,3.611715929839349,False
tjstats_6_pitch_same,fit,Tarik Skubal,16,Parker Messick,800048.0,CU,22.0,8.601746490420712,True,,1.5373,16.204747903106686,5.795252096893314,False
tjstats_6_pitch_same,fit,Tarik Skubal,16,Parker Messick,800048.0,FF,38.0,5.837043890835868,True,,1.5373,29.085233607930157,8.914766392069843,False
tjstats_6_pitch_same,fit,Tarik Skubal,16,Parker Messick,800048.0,FS,,,False,,1.5373,,,False
tjstats_6_pitch_same,fit,Tarik Skubal,16,Parker Messick,800048.0,SI,30.0,5.121309028480991,True,,1.5373,33.84049520009721,3.840495200097209,False
tjstats_6_pitch_same,fit,Tarik Skubal,16,Parker Messick,800048.0,SL,47.0,3.3250057313291412,True,,1.5373,49.48654862022601,2.48654862022601,False
tjstats_6_pitch_same,fit,Tarik Skubal,17,Ryan Weathers,677960.0,CH,47.0,3.8164737766067978,True,,1.5373,44.59944045734861,2.4005595426513935,False
tjstats_6_pitch_same,fit,Tarik Skubal,17,Ryan Weathers,677960.0,CU,,,False,,1.5373,,,False
tjstats_6_pitch_same,fit,Tarik Skubal,17,Ryan Weathers,677960.0,FF,38.0,4.592284475489212,True,,1.5373,37.84820476649559,0.1517952335044086,False
tjstats_6_pitch_same,fit,Tarik Skubal,17,Ryan Weathers,677960.0,FS,,,False,,1.5373,,,False
tjstats_6_pitch_same,fit,Tarik Skubal,17,Ryan Weathers,677960.0,SI,36.0,5.112535145584022,True,,1.5373,33.903371133127116,2.0966288668728836,False
tjstats_6_pitch_same,fit,Tarik Skubal,17,Ryan Weathers,677960.0,SL,61.0,2.196106100035438,True,,1.5373,62.836835106876364,1.8368351068763644,False
tjstats_6_pitch_same,fit,Tarik Skubal,18,Jacob Latz,656641.0,CH,70.0,1.7022121076329566,True,,1.5373,69.75815129491028,0.24184870508972267,False
tjstats_6_pitch_same,fit,Tarik Skubal,18,Jacob Latz,656641.0,CU,51.0,2.9995832104951115,True,,1.5373,53.01369723295443,2.013697232954428,False
tjstats_6_pitch_same,fit,Tarik Skubal,18,Jacob Latz,656641.0,FF,42.0,4.357457085445808,True,,1.5373,39.77608397857039,2.223916021429609,False
tjstats_6_pitch_same,fit,Tarik Skubal,18,Jacob Latz,656641.0,FS,,,False,,1.5373,,,False
tjstats_6_pitch_same,fit,Tarik Skubal,18,Jacob Latz,656641.0,SI,,,False,,1.5373,,,False
tjstats_6_pitch_same,fit,Tarik Skubal,18,Jacob Latz,656641.0,SL,34.0,4.639708873663268,True,,1.5373,37.47035172083398,3.470351720833982,False
tjstats_6_pitch_same,fit,Tarik Skubal,19,Matt Gage,657424.0,CH,39.0,3.8070339891499496,True,,1.5373,44.68860211377636,5.688602113776362,False
tjstats_6_pitch_same,fit,Tarik Skubal,19,Matt Gage,657424.0,CU,,,False,,1.5373,,,False
tjstats_6_pitch_same,fit,Tarik Skubal,19,Matt Gage,657424.0,FF,31.0,6.140320401622401,True,,1.5373,27.27762025851782,3.722379741482179,False
tjstats_6_pitch_same,fit,Tarik Skubal,19,Matt Gage,657424.0,FS,,,False,,1.5373,,,False
tjstats_6_pitch_same,fit,Tarik Skubal,19,Matt Gage,657424.0,SI,55.0,2.4890152128161436,True,,1.5373,59.06100291544831,4.061002915448313,False
tjstats_6_pitch_same,fit,Tarik Skubal,19,Matt Gage,657424.0,SL,40.0,3.8719856294459287,True,,1.5373,44.07870149857674,4.078701498576741,False
tjstats_6_pitch_same,fit,Tarik Skubal,20,Wade Miley,489119.0,CH,70.0,1.698204046516416,True,,1.5373,69.81733010082486,0.18266989917513854,False
tjstats_6_pitch_same,fit,Tarik Skubal,20,Wade Miley,489119.0,CU,,,False,,1.5373,,,False
tjstats_6_pitch_same,fit,Tarik Skubal,20,Wade Miley,489119.0,FF,33.0,5.940264482122557,True,,1.5373,28.456946498564033,4.543053501435967,False
tjstats_6_pitch_same,fit,Tarik Skubal,20,Wade Miley,489119.0,FS,,,False,,1.5373,,,False
tjstats_6_pitch_same,fit,Tarik Skubal,20,Wade Miley,489119.0,SI,33.0,4.571033606627058,True,,1.5373,38.01875463652365,5.018754636523653,False
tjstats_6_pitch_same,fit,Tarik Skubal,20,Wade Miley,489119.0,SL,,,False,,1.5373,,,False
tjstats_6_pitch_both,fit,Tarik Skubal,1,Adrian Morejon,670970.0,CH,70.0,1.4684905792176983,True,,1.5406,73.39179643178436,3.391796431784357,False
tjstats_6_pitch_both,fit,Tarik Skubal,1,Adrian Morejon,670970.0,CU,,,False,,1.5406,,,False
tjstats_6_pitch_both,fit,Tarik Skubal,1,Adrian Morejon,670970.0,FF,86.0,0.7342953809192707,True,,1.5406,85.66810814070452,0.3318918592954816,False
tjstats_6_pitch_both,fit,Tarik Skubal,1,Adrian Morejon,670970.0,FS,,,False,,1.5406,,,False
tjstats_6_pitch_both,fit,Tarik Skubal,1,Adrian Morejon,670970.0,SI,73.0,1.2574832810317056,True,,1.5406,76.72777703171528,3.727777031715277,False
tjstats_6_pitch_both,fit,Tarik Skubal,1,Adrian Morejon,670970.0,SL,39.0,4.402691193822025,True,,1.5406,39.55459544572984,0.5545954457298379,False
tjstats_6_pitch_both,fit,Tarik Skubal,2,Matthew Liberatore,669461.0,CH,80.0,1.2092417649774543,True,,1.5406,77.51151784372786,2.4884821562721413,False
tjstats_6_pitch_both,fit,Tarik Skubal,2,Matthew Liberatore,669461.0,CU,10.0,10.109193625212985,True,,1.5406,11.8879770072784,1.8879770072783995,False
tjstats_6_pitch_both,fit,Tarik Skubal,2,Matthew Liberatore,669461.0,FF,49.0,3.718316229421294,True,,1.5406,45.68888319352371,3.311116806476292,False
tjstats_6_pitch_both,fit,Tarik Skubal,2,Matthew Liberatore,669461.0,FS,,,False,,1.5406,,,False
tjstats_6_pitch_both,fit,Tarik Skubal,2,Matthew Liberatore,669461.0,SI,67.0,1.88300692745896,True,,1.5406,67.25480824809807,0.25480824809807245,False
tjstats_6_pitch_both,fit,Tarik Skubal,2,Matthew Liberatore,669461.0,SL,48.0,3.189005889549,True,,1.5406,51.078395422492086,3.078395422492086,False
tjstats_6_pitch_both,fit,Tarik Skubal,3,Brock Burke,656271.0,CH,78.0,1.338241108809636,True,,1.5406,75.4334666788857,2.5665333211143064,False
tjstats_6_pitch_both,fit,Tarik Skubal,3,Brock Burke,656271.0,CU,,,False,,1.5406,,,False
tjstats_6_pitch_both,fit,Tarik Skubal,3,Brock Burke,656271.0,FF,55.0,3.207276848912125,True,,1.5406,50.88217090214614,4.117829097853857,False
tjstats_6_pitch_both,fit,Tarik Skubal,3,Brock Burke,656271.0,FS,,,False,,1.5406,,,False
tjstats_6_pitch_both,fit,Tarik Skubal,3,Brock Burke,656271.0,SI,43.0,3.781456651513487,True,,1.5406,45.08518055007392,2.085180550073922,False
tjstats_6_pitch_both,fit,Tarik Skubal,3,Brock Burke,656271.0,SL,53.0,2.852868208822538,True,,1.5406,54.82650299116318,1.8265029911631814,False
tjstats_6_pitch_both,fit,Tarik Skubal,4,Max Fried,608331.0,CH,68.0,2.129408267975179,True,,1.5406,63.852812818630845,4.147187181369155,False
tjstats_6_pitch_both,fit,Tarik Skubal,4,Max Fried,608331.0,CU,11.0,10.311803343287657,True,,1.5406,11.39124400914043,0.3912440091404292,False
tjstats_6_pitch_both,fit,Tarik Skubal,4,Max Fried,608331.0,FF,80.0,1.0011373599433295,True,,1.5406,80.98521750265537,0.9852175026553738,False
tjstats_6_pitch_both,fit,Tarik Skubal,4,Max Fried,608331.0,FS,,,False,,1.5406,,,False
tjstats_6_pitch_both,fit,Tarik Skubal,4,Max Fried,608331.0,SI,24.0,6.074628787845018,True,,1.5406,27.811925617215174,3.8119256172151736,False
tjstats_6_pitch_both,fit,Tarik Skubal,4,Max Fried,608331.0,SL,39.0,4.646621387413177,True,,1.5406,37.57333349999385,1.4266665000061494,False
tjstats_6_pitch_both,fit,Tarik Skubal,5,Easton Lucas,687922.0,CH,93.0,0.26178658959483186,True,,1.5406,94.6344135684401,1.6344135684400953,False
tjstats_6_pitch_both,fit,Tarik Skubal,5,Easton Lucas,687922.0,CU,,,False,,1.5406,,,False
tjstats_6_pitch_both,fit,Tarik Skubal,5,Easton Lucas,687922.0,FF,62.0,2.5936527723074123,True,,1.5406,57.903686652107865,4.096313347892135,False
tjstats_6_pitch_both,fit,Tarik Skubal,5,Easton Lucas,687922.0,FS,,,False,,1.5406,,,False
tjstats_6_pitch_both,fit,Tarik Skubal,5,Easton Lucas,687922.0,SI,,,False,,1.5406,,,False
tjstats_6_pitch_both,fit,Tarik Skubal,5,Easton Lucas,687922.0,SL,61.0,2.2806498776452377,True,,1.5406,61.85045656211196,0.8504565621119582,False
tjstats_6_pitch_both,fit,Tarik Skubal,6,Jordan Wicks,696136.0,CH,55.0,2.8081820406618263,True,,1.5406,55.34506375748841,0.3450637574884112,False
tjstats_6_pitch_both,fit,Tarik Skubal,6,Jordan Wicks,696136.0,CU,,,False,,1.5406,,,False
tjstats_6_pitch_both,fit,Tarik Skubal,6,Jordan Wicks,696136.0,FF,65.0,2.2138579781413372,True,,1.5406,62.72688388042891,2.2731161195710925,False
tjstats_6_pitch_both,fit,Tarik Skubal,6,Jordan Wicks,696136.0,FS,,,False,,1.5406,,,False
tjstats_6_pitch_both,fit,Tarik Skubal,6,Jordan Wicks,696136.0,SI,49.0,3.2380814982267014,True,,1.5406,50.55304374455372,1.5530437445537189,False
tjstats_6_pitch_both,fit,Tarik Skubal,6,Jordan Wicks,696136.0,SL,57.0,3.19846201127777,True,,1.5406,50.97674527385168,6.023254726148323,False
tjstats_6_pitch_both,fit,Tarik Skubal,7,Dietrich Enns,608650.0,CH,52.0,2.715977096082702,True,,1.5406,56.430609358887864,4.430609358887864,False
tjstats_6_pitch_both,fit,Tarik Skubal,7,Dietrich Enns,608650.0,CU,45.0,3.5361142171111593,True,,1.5406,47.47666880181362,2.4766688018136165,False
tjstats_6_pitch_both,fit,Tarik Skubal,7,Dietrich Enns,608650.0,FF,61.0,2.6942226464301164,True,,1.5406,56.68981747614124,4.3101825238587566,False
tjstats_6_pitch_both,fit,Tarik Skubal,7,Dietrich Enns,608650.0,FS,,,False,,1.5406,,,False
tjstats_6_pitch_both,fit,Tarik Skubal,7,Dietrich Enns,608650.0,SI,55.0,2.8379403799562843,True,,1.5406,54.99919031726429,0.000809682735706474,False
tjstats_6_pitch_both,fit,Tarik Skubal,7,Dietrich Enns,608650.0,SL,,,False,,1.5406,,,False
tjstats_6_pitch_both,fit,Tarik Skubal,8,Eduardo Rodriguez,593958.0,CH,80.0,0.8022904264368055,True,,1.5406,84.44973606865483,4.449736068654829,False
tjstats_6_pitch_both,fit,Tarik Skubal,8,Eduardo Rodriguez,593958.0,CU,72.0,1.1655977902298154,True,,1.5406,78.22746139556749,6.227461395567488,False
tjstats_6_pitch_both,fit,Tarik Skubal,8,Eduardo Rodriguez,593958.0,FF,28.0,7.243427744835867,True,,1.5406,21.741896338732985,6.258103661267015,False
tjstats_6_pitch_both,fit,Tarik Skubal,8,Eduardo Rodriguez,593958.0,FS,,,False,,1.5406,,,False
tjstats_6_pitch_both,fit,Tarik Skubal,8,Eduardo Rodriguez,593958.0,SI,35.0,4.8657996427237755,True,,1.5406,35.877904301885515,0.8779043018855148,False
tjstats_6_pitch_both,fit,Tarik Skubal,8,Eduardo Rodriguez,593958.0,SL,35.0,3.9338214710367145,True,,1.5406,43.66102498230905,8.661024982309051,False
tjstats_6_pitch_both,fit,Tarik Skubal,9,Jared Koenig,657649.0,CH,51.0,6.088363355191639,True,,1.5406,27.731571502237568,23.268428497762432,False
tjstats_6_pitch_both,fit,Tarik Skubal,9,Jared Koenig,657649.0,CU,19.0,10.73579303514849,True,,1.5406,10.417901753791666,8.582098246208334,False
tjstats_6_pitch_both,fit,Tarik Skubal,9,Jared Koenig,657649.0,FF,58.0,2.3339218112242666,True,,1.5406,61.16022162660523,3.160221626605228,False
tjstats_6_pitch_both,fit,Tarik Skubal,9,Jared Koenig,657649.0,FS,,,False,,1.5406,,,False
tjstats_6_pitch_both,fit,Tarik Skubal,9,Jared Koenig,657649.0,SI,56.0,2.0102106064851055,True,,1.5406,65.4764990360467,9.476499036046704,False
tjstats_6_pitch_both,fit,Tarik Skubal,9,Jared Koenig,657649.0,SL,,,False,,1.5406,,,False
tjstats_6_pitch_both,fit,Tarik Skubal,10,Grant Wolfram,664991.0,CH,,,False,,1.5406,,,False
tjstats_6_pitch_both,fit,Tarik Skubal,10,Grant Wolfram,664991.0,CU,65.0,2.386797933187893,True,,1.5406,60.48273256842444,4.517267431575561,False
tjstats_6_pitch_both,fit,Tarik Skubal,10,Grant Wolfram,664991.0,FF,60.0,2.954382417990012,True,,1.5406,53.666465307077495,6.333534692922505,False
tjstats_6_pitch_both,fit,Tarik Skubal,10,Grant Wolfram,664991.0,FS,,,False,,1.5406,,,False
tjstats_6_pitch_both,fit,Tarik Skubal,10,Grant Wolfram,664991.0,SI,81.0,1.000334781337461,True,,1.5406,80.99891118544794,0.0010888145520624448,False
tjstats_6_pitch_both,fit,Tarik Skubal,10,Grant Wolfram,664991.0,SL,56.0,2.6265765757229813,True,,1.5406,57.50346442831138,1.503464428311382,False
tjstats_6_pitch_both,fit,Tarik Skubal,11,Blake Snell,605483.0,CH,55.0,2.8815661301821764,True,,1.5406,54.496042855522376,0.5039571444776243,False
tjstats_6_pitch_both,fit,Tarik Skubal,11,Blake Snell,605483.0,CU,43.0,3.8281283208202073,True,,1.5406,44.64407338279537,1.6440733827953693,False
tjstats_6_pitch_both,fit,Tarik Skubal,11,Blake Snell,605483.0,FF,63.0,2.228575032074616,True,,1.5406,62.53270957827978,0.4672904217202216,False
tjstats_6_pitch_both,fit,Tarik Skubal,11,Blake Snell,605483.0,FS,,,False,,1.5406,,,False
tjstats_6_pitch_both,fit,Tarik Skubal,11,Blake Snell,605483.0,SI,,,False,,1.5406,,,False
tjstats_6_pitch_both,fit,Tarik Skubal,11,Blake Snell,605483.0,SL,60.0,2.8193697256858936,True,,1.5406,55.214777785000116,4.785222214999884,False
tjstats_6_pitch_both,fit,Tarik Skubal,12,Reid Detmers,672282.0,CH,,,False,,1.5406,,,False
tjstats_6_pitch_both,fit,Tarik Skubal,12,Reid Detmers,672282.0,CU,8.0,12.098502058173997,True,,1.5406,7.818181534497872,0.1818184655021282,False
tjstats_6_pitch_both,fit,Tarik Skubal,12,Reid Detmers,672282.0,FF,66.0,2.3055769443061247,True,,1.5406,61.52651661260603,4.473483387393969,False
tjstats_6_pitch_both,fit,Tarik Skubal,12,Reid Detmers,672282.0,FS,,,False,,1.5406,,,False
tjstats_6_pitch_both,fit,Tarik Skubal,12,Reid Detmers,672282.0,SI,81.0,1.217320601448367,True,,1.5406,77.37971166742308,3.6202883325769193,False
tjstats_6_pitch_both,fit,Tarik Skubal,12,Reid Detmers,672282.0,SL,37.0,4.085893331524154,True,,1.5406,42.284465338510344,5.284465338510344,False
tjstats_6_pitch_both,fit,Tarik Skubal,13,Bennett Sousa,656986.0,CH,,,False,,1.5406,,,False
tjstats_6_pitch_both,fit,Tarik Skubal,13,Bennett Sousa,656986.0,CU,,,False,,1.5406,,,False
tjstats_6_pitch_both,fit,Tarik Skubal,13,Bennett Sousa,656986.0,FF,80.0,1.0462235781310658,True,,1.5406,80.21965802449628,0.21965802449628313,False
tjstats_6_pitch_both,fit,Tarik Skubal,13,Bennett Sousa,656986.0,FS,,,False,,1.5406,,,False
tjstats_6_pitch_both,fit,Tarik Skubal,13,Bennett Sousa,656986.0,SI,63.0,1.9132582287179694,True,,1.5406,66.82756569374283,3.8275656937428266,False
tjstats_6_pitch_both,fit,Tarik Skubal,13,Bennett Sousa,656986.0,SL,40.0,4.398837708553108,True,,1.5406,39.586718524109926,0.4132814758900736,False
tjstats_6_pitch_both,fit,Tarik Skubal,14,Jalen Beeks,656222.0,CH,85.0,0.6358118481715114,True,,1.5406,87.46402381135006,2.46402381135006,False
tjstats_6_pitch_both,fit,Tarik Skubal,14,Jalen Beeks,656222.0,CU,,,False,,1.5406,,,False
tjstats_6_pitch_both,fit,Tarik Skubal,14,Jalen Beeks,656222.0,FF,57.0,3.05449509678936,True,,1.5406,52.54648425268308,4.453515747316921,False
tjstats_6_pitch_both,fit,Tarik Skubal,14,Jalen Beeks,656222.0,FS,,,False,,1.5406,,,False
tjstats_6_pitch_both,fit,Tarik Skubal,14,Jalen Beeks,656222.0,SI,,,False,,1.5406,,,False
tjstats_6_pitch_both,fit,Tarik Skubal,14,Jalen Beeks,656222.0,SL,,,False,,1.5406,,,False
tjstats_6_pitch_both,fit,Tarik Skubal,15,Garrett Crochet,676979.0,CH,59.0,3.1941371553716693,True,,1.5406,51.02321090270331,7.976789097296688,False
tjstats_6_pitch_both,fit,Tarik Skubal,15,Garrett Crochet,676979.0,CU,,,False,,1.5406,,,False
tjstats_6_pitch_both,fit,Tarik Skubal,15,Garrett Crochet,676979.0,FF,51.0,4.570420836291021,True,,1.5406,38.18135441900479,12.81864558099521,False
tjstats_6_pitch_both,fit,Tarik Skubal,15,Garrett Crochet,676979.0,FS,13.0,,False,"site matched, ours not",1.5406,,,False
tjstats_6_pitch_both,fit,Tarik Skubal,15,Garrett Crochet,676979.0,SI,40.0,4.31266680948403,True,,1.5406,40.31190250766945,0.31190250766945127,False
tjstats_6_pitch_both,fit,Tarik Skubal,15,Garrett Crochet,676979.0,SL,,,False,,1.5406,,,False
tjstats_6_pitch_both,fit,Tarik Skubal,16,Parker Messick,800048.0,CH,56.0,2.982109764033334,True,,1.5406,53.35390506183546,2.646094938164538,False
tjstats_6_pitch_both,fit,Tarik Skubal,16,Parker Messick,800048.0,CU,22.0,7.41748321316458,True,,1.5406,20.95912042237841,1.0408795776215882,False
tjstats_6_pitch_both,fit,Tarik Skubal,16,Parker Messick,800048.0,FF,38.0,5.575631732568341,True,,1.5406,30.894729315947195,7.105270684052805,False
tjstats_6_pitch_both,fit,Tarik Skubal,16,Parker Messick,800048.0,FS,,,False,,1.5406,,,False
tjstats_6_pitch_both,fit,Tarik Skubal,16,Parker Messick,800048.0,SI,30.0,5.672893062531026,True,,1.5406,30.268154141475616,0.2681541414756161,False
tjstats_6_pitch_both,fit,Tarik Skubal,16,Parker Messick,800048.0,SL,47.0,3.3690890920171594,True,,1.5406,49.17692844085516,2.176928440855157,False
tjstats_6_pitch_both,fit,Tarik Skubal,17,Ryan Weathers,677960.0,CH,47.0,3.7895059531247597,True,,1.5406,45.00879449750897,1.9912055024910273,False
tjstats_6_pitch_both,fit,Tarik Skubal,17,Ryan Weathers,677960.0,CU,,,False,,1.5406,,,False
tjstats_6_pitch_both,fit,Tarik Skubal,17,Ryan Weathers,677960.0,FF,38.0,4.8269673721568065,True,,1.5406,36.1726094118686,1.8273905881314008,False
tjstats_6_pitch_both,fit,Tarik Skubal,17,Ryan Weathers,677960.0,FS,,,False,,1.5406,,,False
tjstats_6_pitch_both,fit,Tarik Skubal,17,Ryan Weathers,677960.0,SI,36.0,5.398022596325423,True,,1.5406,32.07257933508412,3.9274206649158785,False
tjstats_6_pitch_both,fit,Tarik Skubal,17,Ryan Weathers,677960.0,SL,61.0,2.056991882608768,True,,1.5406,64.83438897400762,3.8343889740076236,False
tjstats_6_pitch_both,fit,Tarik Skubal,18,Jacob Latz,656641.0,CH,70.0,1.6604005909358648,True,,1.5406,70.48385267850946,0.48385267850946434,False
tjstats_6_pitch_both,fit,Tarik Skubal,18,Jacob Latz,656641.0,CU,51.0,3.3714209142934464,True,,1.5406,49.1527771471969,1.8472228528030996,False
tjstats_6_pitch_both,fit,Tarik Skubal,18,Jacob Latz,656641.0,FF,42.0,4.405739664293286,True,,1.5406,39.529201527791045,2.470798472208955,False
tjstats_6_pitch_both,fit,Tarik Skubal,18,Jacob Latz,656641.0,FS,,,False,,1.5406,,,False
tjstats_6_pitch_both,fit,Tarik Skubal,18,Jacob Latz,656641.0,SI,,,False,,1.5406,,,False
tjstats_6_pitch_both,fit,Tarik Skubal,18,Jacob Latz,656641.0,SL,34.0,5.106348600084715,True,,1.5406,34.10508979835254,0.1050897983525374,False
tjstats_6_pitch_both,fit,Tarik Skubal,19,Matt Gage,657424.0,CH,39.0,3.4553390559188095,True,,1.5406,48.291464255074814,9.291464255074814,False
tjstats_6_pitch_both,fit,Tarik Skubal,19,Matt Gage,657424.0,CU,,,False,,1.5406,,,False
tjstats_6_pitch_both,fit,Tarik Skubal,19,Matt Gage,657424.0,FF,31.0,5.891442622912337,True,,1.5406,28.906186221693254,2.093813778306746,False
tjstats_6_pitch_both,fit,Tarik Skubal,19,Matt Gage,657424.0,FS,,,False,,1.5406,,,False
tjstats_6_pitch_both,fit,Tarik Skubal,19,Matt Gage,657424.0,SI,55.0,2.810215807109474,True,,1.5406,55.32135672711721,0.3213567271172124,False
tjstats_6_pitch_both,fit,Tarik Skubal,19,Matt Gage,657424.0,SL,40.0,4.172047071203848,True,,1.5406,41.52394638095408,1.5239463809540794,False
tjstats_6_pitch_both,fit,Tarik Skubal,20,Wade Miley,489119.0,CH,70.0,1.6671398925552838,True,,1.5406,70.38385578871662,0.3838557887166161,False
tjstats_6_pitch_both,fit,Tarik Skubal,20,Wade Miley,489119.0,CU,,,False,,1.5406,,,False
tjstats_6_pitch_both,fit,Tarik Skubal,20,Wade Miley,489119.0,FF,33.0,5.537372447609671,True,,1.5406,31.144742442367058,1.8552575576329424,False
tjstats_6_pitch_both,fit,Tarik Skubal,20,Wade Miley,489119.0,FS,,,False,,1.5406,,,False
tjstats_6_pitch_both,fit,Tarik Skubal,20,Wade Miley,489119.0,SI,33.0,5.270097322992377,True,,1.5406,32.9486629436164,0.051337056383601976,False
tjstats_6_pitch_both,fit,Tarik Skubal,20,Wade Miley,489119.0,SL,,,False,,1.5406,,,False
tjstats_6_pitcher_same,fit,Tarik Skubal,1,Adrian Morejon,670970.0,CH,70.0,1.9653224749173213,True,,1.7343,72.12967134889234,2.1296713488923444,False
tjstats_6_pitcher_same,fit,Tarik Skubal,1,Adrian Morejon,670970.0,CU,,,False,,1.7343,,,False
tjstats_6_pitcher_same,fit,Tarik Skubal,1,Adrian Morejon,670970.0,FF,86.0,0.7600509065293211,True,,1.7343,88.13091581958413,2.130915819584132,False
tjstats_6_pitcher_same,fit,Tarik Skubal,1,Adrian Morejon,670970.0,FS,,,False,,1.7343,,,False
tjstats_6_pitcher_same,fit,Tarik Skubal,1,Adrian Morejon,670970.0,SI,73.0,1.9316420519446924,True,,1.7343,72.53464744471364,0.46535255528635844,False
tjstats_6_pitcher_same,fit,Tarik Skubal,1,Adrian Morejon,670970.0,SL,39.0,6.02596829952059,True,,1.7343,36.724549251424605,2.2754507485753948,False
tjstats_6_pitcher_same,fit,Tarik Skubal,2,Matthew Liberatore,669461.0,CH,80.0,1.45316041430103,True,,1.7343,78.53972687137629,1.4602731286237116,False
tjstats_6_pitcher_same,fit,Tarik Skubal,2,Matthew Liberatore,669461.0,CU,10.0,11.382373574807058,True,,1.7343,15.074812224501208,5.074812224501208,False
tjstats_6_pitcher_same,fit,Tarik Skubal,2,Matthew Liberatore,669461.0,FF,49.0,4.172830259576598,True,,1.7343,49.97391672531123,0.9739167253112271,False
tjstats_6_pitcher_same,fit,Tarik Skubal,2,Matthew Liberatore,669461.0,FS,,,False,,1.7343,,,False
tjstats_6_pitcher_same,fit,Tarik Skubal,2,Matthew Liberatore,669461.0,SI,67.0,2.2774616204723257,True,,1.7343,68.482425354846,1.4824253548460007,False
tjstats_6_pitcher_same,fit,Tarik Skubal,2,Matthew Liberatore,669461.0,SL,48.0,4.2969648017805495,True,,1.7343,48.9532490433742,0.9532490433741998,False
tjstats_6_pitcher_same,fit,Tarik Skubal,3,Brock Burke,656271.0,CH,78.0,1.3971463419401982,True,,1.7343,79.2744633829768,1.2744633829768048,False
tjstats_6_pitcher_same,fit,Tarik Skubal,3,Brock Burke,656271.0,CU,,,False,,1.7343,,,False
tjstats_6_pitcher_same,fit,Tarik Skubal,3,Brock Burke,656271.0,FF,55.0,3.3074384305721756,True,,1.7343,57.705893723451396,2.7058937234513962,False
tjstats_6_pitcher_same,fit,Tarik Skubal,3,Brock Burke,656271.0,FS,,,False,,1.7343,,,False
tjstats_6_pitcher_same,fit,Tarik Skubal,3,Brock Burke,656271.0,SI,43.0,4.646488877637729,True,,1.7343,46.189972483614845,3.189972483614845,False
tjstats_6_pitcher_same,fit,Tarik Skubal,3,Brock Burke,656271.0,SL,53.0,4.086283229449552,True,,1.7343,50.69809415065708,2.3019058493429227,False
tjstats_6_pitcher_same,fit,Tarik Skubal,4,Max Fried,608331.0,CH,68.0,2.742021603876518,True,,1.7343,63.39285649062503,4.607143509374971,False
tjstats_6_pitcher_same,fit,Tarik Skubal,4,Max Fried,608331.0,CU,11.0,12.347963363696183,True,,1.7343,12.839300323249251,1.839300323249251,False
tjstats_6_pitcher_same,fit,Tarik Skubal,4,Max Fried,608331.0,FF,80.0,1.1254912555699093,True,,1.7343,82.93644070790151,2.936440707901511,False
tjstats_6_pitcher_same,fit,Tarik Skubal,4,Max Fried,608331.0,FS,,,False,,1.7343,,,False
tjstats_6_pitcher_same,fit,Tarik Skubal,4,Max Fried,608331.0,SI,24.0,8.65562798880898,True,,1.7343,23.719675355139,0.2803246448610004,False
tjstats_6_pitcher_same,fit,Tarik Skubal,4,Max Fried,608331.0,SL,39.0,6.177718736761703,True,,1.7343,35.80971650671871,3.1902834932812922,False
tjstats_6_pitcher_same,fit,Tarik Skubal,5,Easton Lucas,687922.0,CH,93.0,0.43756475337320044,True,,1.7343,92.98440230078123,0.015597699218773187,False
tjstats_6_pitcher_same,fit,Tarik Skubal,5,Easton Lucas,687922.0,CU,,,False,,1.7343,,,False
tjstats_6_pitcher_same,fit,Tarik Skubal,5,Easton Lucas,687922.0,FF,62.0,3.0899896728228398,True,,1.7343,59.82997747516949,2.1700225248305074,False
tjstats_6_pitcher_same,fit,Tarik Skubal,5,Easton Lucas,687922.0,FS,,,False,,1.7343,,,False
tjstats_6_pitcher_same,fit,Tarik Skubal,5,Easton Lucas,687922.0,SI,,,False,,1.7343,,,False
tjstats_6_pitcher_same,fit,Tarik Skubal,5,Easton Lucas,687922.0,SL,61.0,2.9258889835546915,True,,1.7343,61.48455787017926,0.484557870179259,False
tjstats_6_pitcher_same,fit,Tarik Skubal,6,Jordan Wicks,696136.0,CH,55.0,3.848765948939063,True,,1.7343,52.73988083394687,2.26011916605313,False
tjstats_6_pitcher_same,fit,Tarik Skubal,6,Jordan Wicks,696136.0,CU,,,False,,1.7343,,,False
tjstats_6_pitcher_same,fit,Tarik Skubal,6,Jordan Wicks,696136.0,FF,65.0,2.5460879584355127,True,,1.7343,65.49161653569027,0.49161653569026953,False
tjstats_6_pitcher_same,fit,Tarik Skubal,6,Jordan Wicks,696136.0,FS,,,False,,1.7343,,,False
tjstats_6_pitcher_same,fit,Tarik Skubal,6,Jordan Wicks,696136.0,SI,49.0,3.8534837419910204,True,,1.7343,52.69853523402909,3.6985352340290873,False
tjstats_6_pitcher_same,fit,Tarik Skubal,6,Jordan Wicks,696136.0,SL,57.0,4.141857308472037,True,,1.7343,50.23188485468495,6.7681151453150505,False
tjstats_6_pitcher_same,fit,Tarik Skubal,7,Dietrich Enns,608650.0,CH,52.0,4.076581048820908,True,,1.7343,50.77992796905977,1.22007203094023,False
tjstats_6_pitcher_same,fit,Tarik Skubal,7,Dietrich Enns,608650.0,CU,45.0,4.304319425814038,True,,1.7343,48.89343569729626,3.893435697296262,False
tjstats_6_pitcher_same,fit,Tarik Skubal,7,Dietrich Enns,608650.0,FF,61.0,3.145425641630957,True,,1.7343,59.28115425223833,1.7188457477616694,False
tjstats_6_pitcher_same,fit,Tarik Skubal,7,Dietrich Enns,608650.0,FS,,,False,,1.7343,,,False
tjstats_6_pitcher_same,fit,Tarik Skubal,7,Dietrich Enns,608650.0,SI,55.0,3.4221128673192673,True,,1.7343,56.616272708549154,1.616272708549154,False
tjstats_6_pitcher_same,fit,Tarik Skubal,7,Dietrich Enns,608650.0,SL,,,False,,1.7343,,,False
tjstats_6_pitcher_same,fit,Tarik Skubal,8,Eduardo Rodriguez,593958.0,CH,80.0,1.0266644806750473,True,,1.7343,84.31021012979623,4.310210129796232,False
tjstats_6_pitcher_same,fit,Tarik Skubal,8,Eduardo Rodriguez,593958.0,CU,72.0,1.190201761713078,True,,1.7343,82.04906413422404,10.04906413422404,False
tjstats_6_pitcher_same,fit,Tarik Skubal,8,Eduardo Rodriguez,593958.0,FF,28.0,8.209619494331251,True,,1.7343,25.545136695763006,2.4548633042369943,False
tjstats_6_pitcher_same,fit,Tarik Skubal,8,Eduardo Rodriguez,593958.0,FS,,,False,,1.7343,,,False
tjstats_6_pitcher_same,fit,Tarik Skubal,8,Eduardo Rodriguez,593958.0,SI,35.0,5.749628094914665,True,,1.7343,38.45092549898763,3.4509254989876297,False
tjstats_6_pitcher_same,fit,Tarik Skubal,8,Eduardo Rodriguez,593958.0,SL,35.0,4.9970245324591405,True,,1.7343,43.57534707836081,8.575347078360807,False
tjstats_6_pitcher_same,fit,Tarik Skubal,9,Jared Koenig,657649.0,CH,51.0,6.349491153593395,True,,1.7343,34.80164791743012,16.198352082569883,False
tjstats_6_pitcher_same,fit,Tarik Skubal,9,Jared Koenig,657649.0,CU,19.0,12.178437178677829,True,,1.7343,13.206272828997873,5.793727171002127,False
tjstats_6_pitcher_same,fit,Tarik Skubal,9,Jared Koenig,657649.0,FF,58.0,2.2163490880560457,True,,1.7343,69.18168560370378,11.181685603703784,False
tjstats_6_pitcher_same,fit,Tarik Skubal,9,Jared Koenig,657649.0,FS,,,False,,1.7343,,,False
tjstats_6_pitcher_same,fit,Tarik Skubal,9,Jared Koenig,657649.0,SI,56.0,2.6746781396456614,True,,1.7343,64.10651512157078,8.10651512157078,False
tjstats_6_pitcher_same,fit,Tarik Skubal,9,Jared Koenig,657649.0,SL,,,False,,1.7343,,,False
tjstats_6_pitcher_same,fit,Tarik Skubal,10,Grant Wolfram,664991.0,CH,,,False,,1.7343,,,False
tjstats_6_pitcher_same,fit,Tarik Skubal,10,Grant Wolfram,664991.0,CU,65.0,2.68309271087374,True,,1.7343,64.01690604386395,0.9830939561360452,False
tjstats_6_pitcher_same,fit,Tarik Skubal,10,Grant Wolfram,664991.0,FF,60.0,3.089944273428377,True,,1.7343,59.83042901087126,0.16957098912873647,False
tjstats_6_pitcher_same,fit,Tarik Skubal,10,Grant Wolfram,664991.0,FS,,,False,,1.7343,,,False
tjstats_6_pitcher_same,fit,Tarik Skubal,10,Grant Wolfram,664991.0,SI,81.0,1.2537393826218253,True,,1.7343,81.18700985276354,0.18700985276353776,False
tjstats_6_pitcher_same,fit,Tarik Skubal,10,Grant Wolfram,664991.0,SL,56.0,3.3912065133309675,True,,1.7343,56.907899031332846,0.9078990313328461,False
tjstats_6_pitcher_same,fit,Tarik Skubal,11,Blake Snell,605483.0,CH,55.0,3.589306675457665,True,,1.7343,55.06437983937518,0.064379839375178,False
tjstats_6_pitcher_same,fit,Tarik Skubal,11,Blake Snell,605483.0,CU,43.0,5.3489759614205346,True,,1.7343,41.09905109274605,1.900948907253948,False
tjstats_6_pitcher_same,fit,Tarik Skubal,11,Blake Snell,605483.0,FF,63.0,2.341030554374763,True,,1.7343,67.76255719527477,4.762557195274766,False
tjstats_6_pitcher_same,fit,Tarik Skubal,11,Blake Snell,605483.0,FS,,,False,,1.7343,,,False
tjstats_6_pitcher_same,fit,Tarik Skubal,11,Blake Snell,605483.0,SI,,,False,,1.7343,,,False
tjstats_6_pitcher_same,fit,Tarik Skubal,11,Blake Snell,605483.0,SL,60.0,3.832581746012778,True,,1.7343,52.881961948114984,7.118038051885016,False
tjstats_6_pitcher_same,fit,Tarik Skubal,12,Reid Detmers,672282.0,CH,,,False,,1.7343,,,False
tjstats_6_pitcher_same,fit,Tarik Skubal,12,Reid Detmers,672282.0,CU,8.0,14.524837126483748,True,,1.7343,8.94092413314818,0.9409241331481795,False
tjstats_6_pitcher_same,fit,Tarik Skubal,12,Reid Detmers,672282.0,FF,66.0,2.456902684219404,True,,1.7343,66.46980773675344,0.4698077367534381,False
tjstats_6_pitcher_same,fit,Tarik Skubal,12,Reid Detmers,672282.0,FS,,,False,,1.7343,,,False
tjstats_6_pitcher_same,fit,Tarik Skubal,12,Reid Detmers,672282.0,SI,81.0,1.4856908380020517,True,,1.7343,78.11615517889425,2.883844821105754,False
tjstats_6_pitcher_same,fit,Tarik Skubal,12,Reid Detmers,672282.0,SL,37.0,5.583969805770641,True,,1.7343,39.52450715215714,2.524507152157142,False
tjstats_6_pitcher_same,fit,Tarik Skubal,13,Bennett Sousa,656986.0,CH,,,False,,1.7343,,,False
tjstats_6_pitcher_same,fit,Tarik Skubal,13,Bennett Sousa,656986.0,CU,,,False,,1.7343,,,False
tjstats_6_pitcher_same,fit,Tarik Skubal,13,Bennett Sousa,656986.0,FF,80.0,1.25632008511783,True,,1.7343,81.1521879185124,1.1521879185123964,False
tjstats_6_pitcher_same,fit,Tarik Skubal,13,Bennett Sousa,656986.0,FS,,,False,,1.7343,,,False
tjstats_6_pitcher_same,fit,Tarik Skubal,13,Bennett Sousa,656986.0,SI,63.0,2.446865998084191,True,,1.7343,66.58080152405854,3.5808015240585434,False
tjstats_6_pitcher_same,fit,Tarik Skubal,13,Bennett Sousa,656986.0,SL,40.0,5.850536333406692,True,,1.7343,37.81131211061224,2.188687889387758,False
tjstats_6_pitcher_same,fit,Tarik Skubal,14,Jalen Beeks,656222.0,CH,85.0,0.9118504100471397,True,,1.7343,85.93481564544486,0.9348156454448571,False
tjstats_6_pitcher_same,fit,Tarik Skubal,14,Jalen Beeks,656222.0,CU,,,False,,1.7343,,,False
tjstats_6_pitcher_same,fit,Tarik Skubal,14,Jalen Beeks,656222.0,FF,57.0,3.4070048847735035,True,,1.7343,56.758641493327474,0.24135850667252612,False
tjstats_6_pitcher_same,fit,Tarik Skubal,14,Jalen Beeks,656222.0,FS,,,False,,1.7343,,,False
tjstats_6_pitcher_same,fit,Tarik Skubal,14,Jalen Beeks,656222.0,SI,,,False,,1.7343,,,False
tjstats_6_pitcher_same,fit,Tarik Skubal,14,Jalen Beeks,656222.0,SL,,,False,,1.7343,,,False
tjstats_6_pitcher_same,fit,Tarik Skubal,15,Garrett Crochet,676979.0,CH,59.0,3.8644202939667784,True,,1.7343,52.60281454850065,6.397185451499347,False
tjstats_6_pitcher_same,fit,Tarik Skubal,15,Garrett Crochet,676979.0,CU,,,False,,1.7343,,,False
tjstats_6_pitcher_same,fit,Tarik Skubal,15,Garrett Crochet,676979.0,FF,51.0,4.433675451919164,True,,1.7343,47.853281492713506,3.1467185072864936,False
tjstats_6_pitcher_same,fit,Tarik Skubal,15,Garrett Crochet,676979.0,FS,13.0,,False,"site matched, ours not",1.7343,,,False
tjstats_6_pitcher_same,fit,Tarik Skubal,15,Garrett Crochet,676979.0,SI,40.0,6.23427753423092,True,,1.7343,35.474610216157046,4.525389783842954,False
tjstats_6_pitcher_same,fit,Tarik Skubal,15,Garrett Crochet,676979.0,SL,,,False,,1.7343,,,False
tjstats_6_pitcher_same,fit,Tarik Skubal,16,Parker Messick,800048.0,CH,56.0,3.6995204407004496,True,,1.7343,54.064711834870806,1.9352881651291938,False
tjstats_6_pitcher_same,fit,Tarik Skubal,16,Parker Messick,800048.0,CU,22.0,10.24019592738126,True,,1.7343,18.226831909279653,3.773168090720347,False
tjstats_6_pitcher_same,fit,Tarik Skubal,16,Parker Messick,800048.0,FF,38.0,6.13544596681661,True,,1.7343,36.06224476051053,1.9377552394894693,False
tjstats_6_pitcher_same,fit,Tarik Skubal,16,Parker Messick,800048.0,FS,,,False,,1.7343,,,False
tjstats_6_pitcher_same,fit,Tarik Skubal,16,Parker Messick,800048.0,SI,30.0,6.849278631166368,True,,1.7343,32.02711035315468,2.027110353154683,False
tjstats_6_pitcher_same,fit,Tarik Skubal,16,Parker Messick,800048.0,SL,47.0,4.742145245962479,True,,1.7343,45.461295959662024,1.5387040403379757,False
tjstats_6_pitcher_same,fit,Tarik Skubal,17,Ryan Weathers,677960.0,CH,47.0,4.541724419668366,True,,1.7343,47.00143869791737,0.001438697917372167,False
tjstats_6_pitcher_same,fit,Tarik Skubal,17,Ryan Weathers,677960.0,CU,,,False,,1.7343,,,False
tjstats_6_pitcher_same,fit,Tarik Skubal,17,Ryan Weathers,677960.0,FF,38.0,4.830806409564472,True,,1.7343,44.79617552874646,6.79617552874646,False
tjstats_6_pitcher_same,fit,Tarik Skubal,17,Ryan Weathers,677960.0,FS,,,False,,1.7343,,,False
tjstats_6_pitcher_same,fit,Tarik Skubal,17,Ryan Weathers,677960.0,SI,36.0,7.162761078934688,True,,1.7343,30.400866075889986,5.5991339241100135,False
tjstats_6_pitcher_same,fit,Tarik Skubal,17,Ryan Weathers,677960.0,SL,61.0,2.490122613940239,True,,1.7343,66.10375295284106,5.103752952841063,False
tjstats_6_pitcher_same,fit,Tarik Skubal,18,Jacob Latz,656641.0,CH,70.0,2.2405779941765194,True,,1.7343,68.90360404069673,1.0963959593032655,False
tjstats_6_pitcher_same,fit,Tarik Skubal,18,Jacob Latz,656641.0,CU,51.0,3.7673639908758103,True,,1.7343,53.458398191663015,2.458398191663015,False
tjstats_6_pitcher_same,fit,Tarik Skubal,18,Jacob Latz,656641.0,FF,42.0,4.908616805682717,True,,1.7343,44.22047796053288,2.2204779605328824,False
tjstats_6_pitcher_same,fit,Tarik Skubal,18,Jacob Latz,656641.0,FS,,,False,,1.7343,,,False
tjstats_6_pitcher_same,fit,Tarik Skubal,18,Jacob Latz,656641.0,SI,,,False,,1.7343,,,False
tjstats_6_pitcher_same,fit,Tarik Skubal,18,Jacob Latz,656641.0,SL,34.0,6.671939636020824,True,,1.7343,32.9853204828176,1.014679517182401,False
tjstats_6_pitcher_same,fit,Tarik Skubal,19,Matt Gage,657424.0,CH,39.0,5.9596948258679605,True,,1.7343,37.13137858624957,1.8686214137504322,False
tjstats_6_pitcher_same,fit,Tarik Skubal,19,Matt Gage,657424.0,CU,,,False,,1.7343,,,False
tjstats_6_pitcher_same,fit,Tarik Skubal,19,Matt Gage,657424.0,FF,31.0,6.84085501603392,True,,1.7343,32.0719892253417,1.071989225341703,False
tjstats_6_pitcher_same,fit,Tarik Skubal,19,Matt Gage,657424.0,FS,,,False,,1.7343,,,False
tjstats_6_pitcher_same,fit,Tarik Skubal,19,Matt Gage,657424.0,SI,55.0,3.3265199665843546,True,,1.7343,57.523139910264995,2.5231399102649945,False
tjstats_6_pitcher_same,fit,Tarik Skubal,19,Matt Gage,657424.0,SL,40.0,5.515730069126026,True,,1.7343,39.975418294162836,0.024581705837164236,False
tjstats_6_pitcher_same,fit,Tarik Skubal,20,Wade Miley,489119.0,CH,70.0,2.1705365107107215,True,,1.7343,69.71055956445056,0.2894404355494373,False
tjstats_6_pitcher_same,fit,Tarik Skubal,20,Wade Miley,489119.0,CU,,,False,,1.7343,,,False
tjstats_6_pitcher_same,fit,Tarik Skubal,20,Wade Miley,489119.0,FF,33.0,6.530177619868206,True,,1.7343,33.77187609505417,0.7718760950541679,False
tjstats_6_pitcher_same,fit,Tarik Skubal,20,Wade Miley,489119.0,FS,,,False,,1.7343,,,False
tjstats_6_pitcher_same,fit,Tarik Skubal,20,Wade Miley,489119.0,SI,33.0,5.99120590491819,True,,1.7343,36.93738430227495,3.9373843022749497,False
tjstats_6_pitcher_same,fit,Tarik Skubal,20,Wade Miley,489119.0,SL,,,False,,1.7343,,,False
tjstats_6_pitcher_both,fit,Tarik Skubal,1,Adrian Morejon,670970.0,CH,70.0,1.952597188299323,True,,1.7444,72.55382558514238,2.553825585142377,True
tjstats_6_pitcher_both,fit,Tarik Skubal,1,Adrian Morejon,670970.0,CU,,,False,,1.7444,,,True
tjstats_6_pitcher_both,fit,Tarik Skubal,1,Adrian Morejon,670970.0,FF,86.0,0.8206418304578155,True,,1.7444,87.38522567729655,1.385225677296546,True
tjstats_6_pitcher_both,fit,Tarik Skubal,1,Adrian Morejon,670970.0,FS,,,False,,1.7444,,,True
tjstats_6_pitcher_both,fit,Tarik Skubal,1,Adrian Morejon,670970.0,SI,73.0,1.915353110187924,True,,1.7444,72.9991996901346,0.0008003098653972529,True
tjstats_6_pitcher_both,fit,Tarik Skubal,1,Adrian Morejon,670970.0,SL,39.0,6.152397545273646,True,,1.7444,36.38794360495347,2.6120563950465296,True
tjstats_6_pitcher_both,fit,Tarik Skubal,2,Matthew Liberatore,669461.0,CH,80.0,1.4317282230440576,True,,1.7444,79.03694630289458,0.9630536971054227,True
tjstats_6_pitcher_both,fit,Tarik Skubal,2,Matthew Liberatore,669461.0,CU,10.0,13.751363842718762,True,,1.7444,10.439654844438552,0.43965484443855196,True
tjstats_6_pitcher_both,fit,Tarik Skubal,2,Matthew Liberatore,669461.0,FF,49.0,4.183984014506207,True,,1.7444,50.283542866636346,1.2835428666363455,True
tjstats_6_pitcher_both,fit,Tarik Skubal,2,Matthew Liberatore,669461.0,FS,,,False,,1.7444,,,True
tjstats_6_pitcher_both,fit,Tarik Skubal,2,Matthew Liberatore,669461.0,SI,67.0,2.412488193645229,True,,1.7444,67.27317756109606,0.2731775610960625,True
tjstats_6_pitcher_both,fit,Tarik Skubal,2,Matthew Liberatore,669461.0,SL,48.0,4.199239562811744,True,,1.7444,50.157653999371945,2.157653999371945,True
tjstats_6_pitcher_both,fit,Tarik Skubal,3,Brock Burke,656271.0,CH,78.0,1.4574217261487425,True,,1.7444,78.70396880581104,0.7039688058110443,True
tjstats_6_pitcher_both,fit,Tarik Skubal,3,Brock Burke,656271.0,CU,,,False,,1.7444,,,True
tjstats_6_pitcher_both,fit,Tarik Skubal,3,Brock Burke,656271.0,FF,55.0,3.711537694993411,True,,1.7444,54.34257419402743,0.6574258059725722,True
tjstats_6_pitcher_both,fit,Tarik Skubal,3,Brock Burke,656271.0,FS,,,False,,1.7444,,,True
tjstats_6_pitcher_both,fit,Tarik Skubal,3,Brock Burke,656271.0,SI,43.0,4.958373734455031,True,,1.7444,44.275603330281704,1.2756033302817045,True
tjstats_6_pitcher_both,fit,Tarik Skubal,3,Brock Burke,656271.0,SL,53.0,4.006389342510043,True,,1.7444,51.77251216967248,1.2274878303275187,True
tjstats_6_pitcher_both,fit,Tarik Skubal,4,Max Fried,608331.0,CH,68.0,2.6840618298150583,True,,1.7444,64.33719467919477,3.6628053208052336,True
tjstats_6_pitcher_both,fit,Tarik Skubal,4,Max Fried,608331.0,CU,11.0,13.565925702385485,True,,1.7444,10.762650288710935,0.237349711289065,True
tjstats_6_pitcher_both,fit,Tarik Skubal,4,Max Fried,608331.0,FF,80.0,1.1555021902817977,True,,1.7444,82.70694403136642,2.706944031366419,True
tjstats_6_pitcher_both,fit,Tarik Skubal,4,Max Fried,608331.0,FS,,,False,,1.7444,,,True
tjstats_6_pitcher_both,fit,Tarik Skubal,4,Max Fried,608331.0,SI,24.0,8.714694334457223,True,,1.7444,23.884102864364007,0.11589713563599346,True
tjstats_6_pitcher_both,fit,Tarik Skubal,4,Max Fried,608331.0,SL,39.0,6.314595808866075,True,,1.7444,35.43095430117103,3.5690456988289725,True
tjstats_6_pitcher_both,fit,Tarik Skubal,5,Easton Lucas,687922.0,CH,93.0,0.42301749552691564,True,,1.7444,93.2852463666371,0.28524636663709657,True
tjstats_6_pitcher_both,fit,Tarik Skubal,5,Easton Lucas,687922.0,CU,,,False,,1.7444,,,True
tjstats_6_pitcher_both,fit,Tarik Skubal,5,Easton Lucas,687922.0,FF,62.0,2.9441276790653657,True,,1.7444,61.64580221131087,0.35419778868912744,True
tjstats_6_pitcher_both,fit,Tarik Skubal,5,Easton Lucas,687922.0,FS,,,False,,1.7444,,,True
tjstats_6_pitcher_both,fit,Tarik Skubal,5,Easton Lucas,687922.0,SI,,,False,,1.7444,,,True
tjstats_6_pitcher_both,fit,Tarik Skubal,5,Easton Lucas,687922.0,SL,61.0,3.002087860208046,True,,1.7444,61.06149038264343,0.06149038264342721,True
tjstats_6_pitcher_both,fit,Tarik Skubal,6,Jordan Wicks,696136.0,CH,55.0,3.708598118514006,True,,1.7444,54.36882893326208,0.6311710667379202,True
tjstats_6_pitcher_both,fit,Tarik Skubal,6,Jordan Wicks,696136.0,CU,,,False,,1.7444,,,True
tjstats_6_pitcher_both,fit,Tarik Skubal,6,Jordan Wicks,696136.0,FF,65.0,2.494839706202347,True,,1.7444,66.36899457223294,1.3689945722329355,True
tjstats_6_pitcher_both,fit,Tarik Skubal,6,Jordan Wicks,696136.0,FS,,,False,,1.7444,,,True
tjstats_6_pitcher_both,fit,Tarik Skubal,6,Jordan Wicks,696136.0,SI,49.0,4.146702975912536,True,,1.7444,50.59251734622302,1.592517346223019,True
tjstats_6_pitcher_both,fit,Tarik Skubal,6,Jordan Wicks,696136.0,SL,57.0,4.151326958521997,True,,1.7444,50.55409221550305,6.445907784496953,True
tjstats_6_pitcher_both,fit,Tarik Skubal,7,Dietrich Enns,608650.0,CH,52.0,3.9395126371938054,True,,1.7444,52.344570537696164,0.3445705376961641,True
tjstats_6_pitcher_both,fit,Tarik Skubal,7,Dietrich Enns,608650.0,CU,45.0,4.414482885854548,True,,1.7444,48.414694178124336,3.4146941781243356,True
tjstats_6_pitcher_both,fit,Tarik Skubal,7,Dietrich Enns,608650.0,FF,61.0,3.061644394437328,True,,1.7444,60.46685412634054,0.533145873659457,True
tjstats_6_pitcher_both,fit,Tarik Skubal,7,Dietrich Enns,608650.0,FS,,,False,,1.7444,,,True
tjstats_6_pitcher_both,fit,Tarik Skubal,7,Dietrich Enns,608650.0,SI,55.0,3.641465539708597,True,,1.7444,54.971886387488354,0.028113612511646124,True
tjstats_6_pitcher_both,fit,Tarik Skubal,7,Dietrich Enns,608650.0,SL,,,False,,1.7444,,,True
tjstats_6_pitcher_both,fit,Tarik Skubal,8,Eduardo Rodriguez,593958.0,CH,80.0,0.9767340518757668,True,,1.7444,85.17243893176148,5.1724389317614765,True
tjstats_6_pitcher_both,fit,Tarik Skubal,8,Eduardo Rodriguez,593958.0,CU,72.0,1.396385402083456,True,,1.7444,79.49727799424066,7.497277994240662,True
tjstats_6_pitcher_both,fit,Tarik Skubal,8,Eduardo Rodriguez,593958.0,FF,28.0,8.026998072430587,True,,1.7444,26.741376902543628,1.258623097456372,True
tjstats_6_pitcher_both,fit,Tarik Skubal,8,Eduardo Rodriguez,593958.0,FS,,,False,,1.7444,,,True
tjstats_6_pitcher_both,fit,Tarik Skubal,8,Eduardo Rodriguez,593958.0,SI,35.0,6.140946568272652,True,,1.7444,36.45647452233621,1.456474522336208,True
tjstats_6_pitcher_both,fit,Tarik Skubal,8,Eduardo Rodriguez,593958.0,SL,35.0,5.004666330377309,True,,1.7444,43.94009510578806,8.94009510578806,True
tjstats_6_pitcher_both,fit,Tarik Skubal,9,Jared Koenig,657649.0,CH,51.0,6.270321390829464,True,,1.7444,35.68965300637153,15.310346993628471,True
tjstats_6_pitcher_both,fit,Tarik Skubal,9,Jared Koenig,657649.0,CU,19.0,13.736600819983856,True,,1.7444,10.465009991695727,8.534990008304273,True
tjstats_6_pitcher_both,fit,Tarik Skubal,9,Jared Koenig,657649.0,FF,58.0,2.437208985125636,True,,1.7444,67.0004679732182,9.000467973218207,True
tjstats_6_pitcher_both,fit,Tarik Skubal,9,Jared Koenig,657649.0,FS,,,False,,1.7444,,,True
tjstats_6_pitcher_both,fit,Tarik Skubal,9,Jared Koenig,657649.0,SI,56.0,2.7595910278521116,True,,1.7444,63.543665863717756,7.543665863717756,True
tjstats_6_pitcher_both,fit,Tarik Skubal,9,Jared Koenig,657649.0,SL,,,False,,1.7444,,,True
tjstats_6_pitcher_both,fit,Tarik Skubal,10,Grant Wolfram,664991.0,CH,,,False,,1.7444,,,True
tjstats_6_pitcher_both,fit,Tarik Skubal,10,Grant Wolfram,664991.0,CU,65.0,2.931668539895327,True,,1.7444,61.77213439969642,3.2278656003035806,True
tjstats_6_pitcher_both,fit,Tarik Skubal,10,Grant Wolfram,664991.0,FF,60.0,3.303202564828595,True,,1.7444,58.113829234298656,1.886170765701344,True
tjstats_6_pitcher_both,fit,Tarik Skubal,10,Grant Wolfram,664991.0,FS,,,False,,1.7444,,,True
tjstats_6_pitcher_both,fit,Tarik Skubal,10,Grant Wolfram,664991.0,SI,81.0,1.3291822177927328,True,,1.7444,80.37999199534174,0.6200080046582599,True
tjstats_6_pitcher_both,fit,Tarik Skubal,10,Grant Wolfram,664991.0,SL,56.0,3.436462526502787,True,,1.7444,56.85516206063712,0.8551620606371202,True
tjstats_6_pitcher_both,fit,Tarik Skubal,11,Blake Snell,605483.0,CH,55.0,3.6033266360156673,True,,1.7444,55.3174660875098,0.3174660875097999,True
tjstats_6_pitcher_both,fit,Tarik Skubal,11,Blake Snell,605483.0,CU,43.0,5.124902517100225,True,,1.7444,43.0805058097748,0.08050580977479882,True
tjstats_6_pitcher_both,fit,Tarik Skubal,11,Blake Snell,605483.0,FF,63.0,2.410121788127496,True,,1.7444,67.29934091384435,4.299340913844347,True
tjstats_6_pitcher_both,fit,Tarik Skubal,11,Blake Snell,605483.0,FS,,,False,,1.7444,,,True
tjstats_6_pitcher_both,fit,Tarik Skubal,11,Blake Snell,605483.0,SI,,,False,,1.7444,,,True
tjstats_6_pitcher_both,fit,Tarik Skubal,11,Blake Snell,605483.0,SL,60.0,3.610302486419804,True,,1.7444,55.2540954017963,4.745904598203701,True
tjstats_6_pitcher_both,fit,Tarik Skubal,12,Reid Detmers,672282.0,CH,,,False,,1.7444,,,True
tjstats_6_pitcher_both,fit,Tarik Skubal,12,Reid Detmers,672282.0,CU,8.0,15.272280737574027,True,,1.7444,8.131144550691038,0.13114455069103848,True
tjstats_6_pitcher_both,fit,Tarik Skubal,12,Reid Detmers,672282.0,FF,66.0,2.6895614354398227,True,,1.7444,64.27908141080302,1.7209185891969838,True
tjstats_6_pitcher_both,fit,Tarik Skubal,12,Reid Detmers,672282.0,FS,,,False,,1.7444,,,True
tjstats_6_pitcher_both,fit,Tarik Skubal,12,Reid Detmers,672282.0,SI,81.0,1.5794472121247034,True,,1.7444,77.14161870568827,3.8583812943117266,True
tjstats_6_pitcher_both,fit,Tarik Skubal,12,Reid Detmers,672282.0,SL,37.0,5.907525547088801,True,,1.7444,37.88191045893326,0.8819104589332625,True
tjstats_6_pitcher_both,fit,Tarik Skubal,13,Bennett Sousa,656986.0,CH,,,False,,1.7444,,,True
tjstats_6_pitcher_both,fit,Tarik Skubal,13,Bennett Sousa,656986.0,CU,,,False,,1.7444,,,True
tjstats_6_pitcher_both,fit,Tarik Skubal,13,Bennett Sousa,656986.0,FF,80.0,1.1713263852403402,True,,1.7444,82.4921723816792,2.4921723816791967,True
tjstats_6_pitcher_both,fit,Tarik Skubal,13,Bennett Sousa,656986.0,FS,,,False,,1.7444,,,True
tjstats_6_pitcher_both,fit,Tarik Skubal,13,Bennett Sousa,656986.0,SI,63.0,2.545914095248728,True,,1.7444,65.81433670581262,2.8143367058126216,True
tjstats_6_pitcher_both,fit,Tarik Skubal,13,Bennett Sousa,656986.0,SL,40.0,5.860763856307795,True,,1.7444,38.1741032392106,1.8258967607893979,True
tjstats_6_pitcher_both,fit,Tarik Skubal,14,Jalen Beeks,656222.0,CH,85.0,0.9134058907246098,True,,1.7444,86.06335205424297,1.0633520542429693,True
tjstats_6_pitcher_both,fit,Tarik Skubal,14,Jalen Beeks,656222.0,CU,,,False,,1.7444,,,True
tjstats_6_pitcher_both,fit,Tarik Skubal,14,Jalen Beeks,656222.0,FF,57.0,3.457481462268698,True,,1.7444,56.65913829820237,0.3408617017976283,True
tjstats_6_pitcher_both,fit,Tarik Skubal,14,Jalen Beeks,656222.0,FS,,,False,,1.7444,,,True
tjstats_6_pitcher_both,fit,Tarik Skubal,14,Jalen Beeks,656222.0,SI,,,False,,1.7444,,,True
tjstats_6_pitcher_both,fit,Tarik Skubal,14,Jalen Beeks,656222.0,SL,,,False,,1.7444,,,True
tjstats_6_pitcher_both,fit,Tarik Skubal,15,Garrett Crochet,676979.0,CH,59.0,3.885918387524839,True,,1.7444,52.807570934042616,6.192429065957384,True
tjstats_6_pitcher_both,fit,Tarik Skubal,15,Garrett Crochet,676979.0,CU,,,False,,1.7444,,,True
tjstats_6_pitcher_both,fit,Tarik Skubal,15,Garrett Crochet,676979.0,FF,51.0,4.968624233852248,True,,1.7444,44.20109211136239,6.798907888637608,True
tjstats_6_pitcher_both,fit,Tarik Skubal,15,Garrett Crochet,676979.0,FS,13.0,,False,"site matched, ours not",1.7444,,,True
tjstats_6_pitcher_both,fit,Tarik Skubal,15,Garrett Crochet,676979.0,SI,40.0,6.250947102367666,True,,1.7444,35.803451733699156,4.196548266300844,True
tjstats_6_pitcher_both,fit,Tarik Skubal,15,Garrett Crochet,676979.0,SL,,,False,,1.7444,,,True
tjstats_6_pitcher_both,fit,Tarik Skubal,16,Parker Messick,800048.0,CH,56.0,3.552825855856438,True,,1.7444,55.77840286174938,0.22159713825062255,True
tjstats_6_pitcher_both,fit,Tarik Skubal,16,Parker Messick,800048.0,CU,22.0,9.540929353137384,True,,1.7444,20.85200442730157,1.1479955726984308,True
tjstats_6_pitcher_both,fit,Tarik Skubal,16,Parker Messick,800048.0,FF,38.0,5.966450511615784,True,,1.7444,37.51689751161681,0.4831024883831887,True
tjstats_6_pitcher_both,fit,Tarik Skubal,16,Parker Messick,800048.0,FS,,,False,,1.7444,,,True
tjstats_6_pitcher_both,fit,Tarik Skubal,16,Parker Messick,800048.0,SI,30.0,7.257004529688232,True,,1.7444,30.348094677339382,0.3480946773393825,True
tjstats_6_pitcher_both,fit,Tarik Skubal,16,Parker Messick,800048.0,SL,47.0,4.607710554654033,True,,1.7444,46.901662162338006,0.09833783766199389,True
tjstats_6_pitcher_both,fit,Tarik Skubal,17,Ryan Weathers,677960.0,CH,47.0,4.618189822322009,True,,1.7444,46.820971521795904,0.17902847820409562,True
tjstats_6_pitcher_both,fit,Tarik Skubal,17,Ryan Weathers,677960.0,CU,,,False,,1.7444,,,True
tjstats_6_pitcher_both,fit,Tarik Skubal,17,Ryan Weathers,677960.0,FF,38.0,5.5507779389468945,True,,1.7444,40.168888206692955,2.168888206692955,True
tjstats_6_pitcher_both,fit,Tarik Skubal,17,Ryan Weathers,677960.0,FS,,,False,,1.7444,,,True
tjstats_6_pitcher_both,fit,Tarik Skubal,17,Ryan Weathers,677960.0,SI,36.0,7.502261730079411,True,,1.7444,29.14939742876096,6.85060257123904,True
tjstats_6_pitcher_both,fit,Tarik Skubal,17,Ryan Weathers,677960.0,SL,61.0,2.5958341153834876,True,,1.7444,65.27669475271598,4.276694752715983,True
tjstats_6_pitcher_both,fit,Tarik Skubal,18,Jacob Latz,656641.0,CH,70.0,2.1645244304940405,True,,1.7444,70.07077708000415,0.07077708000414873,True
tjstats_6_pitcher_both,fit,Tarik Skubal,18,Jacob Latz,656641.0,CU,51.0,4.459980163710462,True,,1.7444,48.05410051074256,2.9458994892574424,True
tjstats_6_pitcher_both,fit,Tarik Skubal,18,Jacob Latz,656641.0,FF,42.0,5.156804529106069,True,,1.7444,42.85526922661793,0.8552692266179278,True
tjstats_6_pitcher_both,fit,Tarik Skubal,18,Jacob Latz,656641.0,FS,,,False,,1.7444,,,True
tjstats_6_pitcher_both,fit,Tarik Skubal,18,Jacob Latz,656641.0,SI,,,False,,1.7444,,,True
tjstats_6_pitcher_both,fit,Tarik Skubal,18,Jacob Latz,656641.0,SL,34.0,6.790179279063924,True,,1.7444,32.767600605528855,1.2323993944711447,True
tjstats_6_pitcher_both,fit,Tarik Skubal,19,Matt Gage,657424.0,CH,39.0,5.718129367123543,True,,1.7444,39.07935726995168,0.07935726995167869,True
tjstats_6_pitcher_both,fit,Tarik Skubal,19,Matt Gage,657424.0,CU,,,False,,1.7444,,,True
tjstats_6_pitcher_both,fit,Tarik Skubal,19,Matt Gage,657424.0,FF,31.0,6.7149288819602235,True,,1.7444,33.175280254088065,2.175280254088065,True
tjstats_6_pitcher_both,fit,Tarik Skubal,19,Matt Gage,657424.0,FS,,,False,,1.7444,,,True
tjstats_6_pitcher_both,fit,Tarik Skubal,19,Matt Gage,657424.0,SI,55.0,3.5628144581508376,True,,1.7444,55.68692999415447,0.6869299941544682,True
tjstats_6_pitcher_both,fit,Tarik Skubal,19,Matt Gage,657424.0,SL,40.0,5.594292193054162,True,,1.7444,39.88270278056077,0.1172972194392301,True
tjstats_6_pitcher_both,fit,Tarik Skubal,20,Wade Miley,489119.0,CH,70.0,2.163570895658624,True,,1.7444,70.08175665094252,0.08175665094252338,True
tjstats_6_pitcher_both,fit,Tarik Skubal,20,Wade Miley,489119.0,CU,,,False,,1.7444,,,True
tjstats_6_pitcher_both,fit,Tarik Skubal,20,Wade Miley,489119.0,FF,33.0,6.253602848448628,True,,1.7444,35.7878312477517,2.787831247751697,True
tjstats_6_pitcher_both,fit,Tarik Skubal,20,Wade Miley,489119.0,FS,,,False,,1.7444,,,True
tjstats_6_pitcher_both,fit,Tarik Skubal,20,Wade Miley,489119.0,SI,33.0,6.540811944190045,True,,1.7444,34.13813522755106,1.1381352275510608,True
tjstats_6_pitcher_both,fit,Tarik Skubal,20,Wade Miley,489119.0,SL,,,False,,1.7444,,,True
tjstats_10_pitch_same,fit,Tarik Skubal,1,Adrian Morejon,670970.0,CH,70.0,5.160354088563088,True,,1.9259,49.87571443320363,20.124285566796367,False
tjstats_10_pitch_same,fit,Tarik Skubal,1,Adrian Morejon,670970.0,CU,,,False,,1.9259,,,False
tjstats_10_pitch_same,fit,Tarik Skubal,1,Adrian Morejon,670970.0,FF,86.0,3.0824887680452173,True,,1.9259,65.99893468522076,20.00106531477924,False
tjstats_10_pitch_same,fit,Tarik Skubal,1,Adrian Morejon,670970.0,FS,,,False,,1.9259,,,False
tjstats_10_pitch_same,fit,Tarik Skubal,1,Adrian Morejon,670970.0,SI,73.0,3.0944911524274255,True,,1.9259,65.89223682630767,7.107763173692334,False
tjstats_10_pitch_same,fit,Tarik Skubal,1,Adrian Morejon,670970.0,SL,39.0,16.159634773890495,True,,1.9259,11.322455759746546,27.677544240253454,False
tjstats_10_pitch_same,fit,Tarik Skubal,2,Matthew Liberatore,669461.0,CH,80.0,4.029128439234814,True,,1.9259,58.091993994424804,21.908006005575196,False
tjstats_10_pitch_same,fit,Tarik Skubal,2,Matthew Liberatore,669461.0,CU,10.0,15.235943994176388,True,,1.9259,12.823829654751703,2.8238296547517034,False
tjstats_10_pitch_same,fit,Tarik Skubal,2,Matthew Liberatore,669461.0,FF,49.0,10.126579982824886,True,,1.9259,25.535444201931096,23.464555798068904,False
tjstats_10_pitch_same,fit,Tarik Skubal,2,Matthew Liberatore,669461.0,FS,,,False,,1.9259,,,False
tjstats_10_pitch_same,fit,Tarik Skubal,2,Matthew Liberatore,669461.0,SI,67.0,6.055946978237506,True,,1.9259,44.20353497520338,22.796465024796618,False
tjstats_10_pitch_same,fit,Tarik Skubal,2,Matthew Liberatore,669461.0,SL,48.0,12.193729990548002,True,,1.9259,19.32515317684744,28.67484682315256,False
tjstats_10_pitch_same,fit,Tarik Skubal,3,Brock Burke,656271.0,CH,78.0,2.1513838880552183,True,,1.9259,74.82523492033827,3.174765079661725,False
tjstats_10_pitch_same,fit,Tarik Skubal,3,Brock Burke,656271.0,CU,,,False,,1.9259,,,False
tjstats_10_pitch_same,fit,Tarik Skubal,3,Brock Burke,656271.0,FF,55.0,3.839609524418773,True,,1.9259,59.59524273341002,4.595242733410018,False
tjstats_10_pitch_same,fit,Tarik Skubal,3,Brock Burke,656271.0,FS,,,False,,1.9259,,,False
tjstats_10_pitch_same,fit,Tarik Skubal,3,Brock Burke,656271.0,SI,43.0,5.712834907399758,True,,1.9259,46.2960950157317,3.2960950157317015,False
tjstats_10_pitch_same,fit,Tarik Skubal,3,Brock Burke,656271.0,SL,53.0,3.04075245994347,True,,1.9259,66.37130562752156,13.371305627521565,False
tjstats_10_pitch_same,fit,Tarik Skubal,4,Max Fried,608331.0,CH,68.0,2.6286027251901465,True,,1.9259,70.16321851339445,2.1632185133944546,False
tjstats_10_pitch_same,fit,Tarik Skubal,4,Max Fried,608331.0,CU,11.0,13.710930247134593,True,,1.9259,15.750671053606158,4.750671053606158,False
tjstats_10_pitch_same,fit,Tarik Skubal,4,Max Fried,608331.0,FF,80.0,1.9947403124369119,True,,1.9259,76.42205726616488,3.5779427338351155,False
tjstats_10_pitch_same,fit,Tarik Skubal,4,Max Fried,608331.0,FS,,,False,,1.9259,,,False
tjstats_10_pitch_same,fit,Tarik Skubal,4,Max Fried,608331.0,SI,24.0,8.578409820546065,True,,1.9259,31.461572184559277,7.461572184559277,False
tjstats_10_pitch_same,fit,Tarik Skubal,4,Max Fried,608331.0,SL,39.0,8.496305758594591,True,,1.9259,31.811721429583766,7.188278570416234,False
tjstats_10_pitch_same,fit,Tarik Skubal,5,Easton Lucas,687922.0,CH,93.0,3.339430893148272,True,,1.9259,63.75207890349422,29.247921096505777,False
tjstats_10_pitch_same,fit,Tarik Skubal,5,Easton Lucas,687922.0,CU,,,False,,1.9259,,,False
tjstats_10_pitch_same,fit,Tarik Skubal,5,Easton Lucas,687922.0,FF,62.0,4.486744200417529,True,,1.9259,54.61668687818676,7.383313121813238,False
tjstats_10_pitch_same,fit,Tarik Skubal,5,Easton Lucas,687922.0,FS,,,False,,1.9259,,,False
tjstats_10_pitch_same,fit,Tarik Skubal,5,Easton Lucas,687922.0,SI,,,False,,1.9259,,,False
tjstats_10_pitch_same,fit,Tarik Skubal,5,Easton Lucas,687922.0,SL,61.0,3.4797739207571174,True,,1.9259,62.557304130526326,1.557304130526326,False
tjstats_10_pitch_same,fit,Tarik Skubal,6,Jordan Wicks,696136.0,CH,55.0,4.5510670756667935,True,,1.9259,54.14515417246943,0.8548458275305677,False
tjstats_10_pitch_same,fit,Tarik Skubal,6,Jordan Wicks,696136.0,CU,,,False,,1.9259,,,False
tjstats_10_pitch_same,fit,Tarik Skubal,6,Jordan Wicks,696136.0,FF,65.0,2.768338244822425,True,,1.9259,68.85393139306179,3.853931393061785,False
tjstats_10_pitch_same,fit,Tarik Skubal,6,Jordan Wicks,696136.0,FS,,,False,,1.9259,,,False
tjstats_10_pitch_same,fit,Tarik Skubal,6,Jordan Wicks,696136.0,SI,49.0,5.291508684947567,True,,1.9259,49.00165363459474,0.0016536345947386621,False
tjstats_10_pitch_same,fit,Tarik Skubal,6,Jordan Wicks,696136.0,SL,57.0,7.311575864562551,True,,1.9259,37.32043606016188,19.67956393983812,False
tjstats_10_pitch_same,fit,Tarik Skubal,7,Dietrich Enns,608650.0,CH,52.0,8.830497767297791,True,,1.9259,30.41039302326801,21.58960697673199,False
tjstats_10_pitch_same,fit,Tarik Skubal,7,Dietrich Enns,608650.0,CU,45.0,5.613727239007648,True,,1.9259,46.91876581147596,1.9187658114759572,False
tjstats_10_pitch_same,fit,Tarik Skubal,7,Dietrich Enns,608650.0,FF,61.0,5.034375630194951,True,,1.9259,50.72995630520381,10.270043694796193,False
tjstats_10_pitch_same,fit,Tarik Skubal,7,Dietrich Enns,608650.0,FS,,,False,,1.9259,,,False
tjstats_10_pitch_same,fit,Tarik Skubal,7,Dietrich Enns,608650.0,SI,55.0,3.634792726656304,True,,1.9259,61.26359961169173,6.263599611691731,False
tjstats_10_pitch_same,fit,Tarik Skubal,7,Dietrich Enns,608650.0,SL,,,False,,1.9259,,,False
tjstats_10_pitch_same,fit,Tarik Skubal,8,Eduardo Rodriguez,593958.0,CH,80.0,2.274026551674737,True,,1.9259,73.59834071750066,6.401659282499338,False
tjstats_10_pitch_same,fit,Tarik Skubal,8,Eduardo Rodriguez,593958.0,CU,72.0,1.847710790240757,True,,1.9259,77.951864849846,5.951864849846004,False
tjstats_10_pitch_same,fit,Tarik Skubal,8,Eduardo Rodriguez,593958.0,FF,28.0,8.17732589598168,True,,1.9259,33.2094527843012,5.209452784301199,False
tjstats_10_pitch_same,fit,Tarik Skubal,8,Eduardo Rodriguez,593958.0,FS,,,False,,1.9259,,,False
tjstats_10_pitch_same,fit,Tarik Skubal,8,Eduardo Rodriguez,593958.0,SI,35.0,5.972674978329852,True,,1.9259,44.70253248430473,9.702532484304733,False
tjstats_10_pitch_same,fit,Tarik Skubal,8,Eduardo Rodriguez,593958.0,SL,35.0,5.596061864882362,True,,1.9259,47.03062950785533,12.03062950785533,False
tjstats_10_pitch_same,fit,Tarik Skubal,9,Jared Koenig,657649.0,CH,51.0,7.292797912996583,True,,1.9259,37.4150265015102,13.584973498489802,False
tjstats_10_pitch_same,fit,Tarik Skubal,9,Jared Koenig,657649.0,CU,19.0,15.863498020096666,True,,1.9259,11.783595895767156,7.2164041042328435,False
tjstats_10_pitch_same,fit,Tarik Skubal,9,Jared Koenig,657649.0,FF,58.0,3.199172556696822,True,,1.9259,64.96893080769209,6.9689308076920895,False
tjstats_10_pitch_same,fit,Tarik Skubal,9,Jared Koenig,657649.0,FS,,,False,,1.9259,,,False
tjstats_10_pitch_same,fit,Tarik Skubal,9,Jared Koenig,657649.0,SI,56.0,3.276547436037768,True,,1.9259,64.29479829931945,8.294798299319453,False
tjstats_10_pitch_same,fit,Tarik Skubal,9,Jared Koenig,657649.0,SL,,,False,,1.9259,,,False
tjstats_10_pitch_same,fit,Tarik Skubal,10,Grant Wolfram,664991.0,CH,,,False,,1.9259,,,False
tjstats_10_pitch_same,fit,Tarik Skubal,10,Grant Wolfram,664991.0,CU,65.0,2.9574305374618306,True,,1.9259,67.12099868333515,2.120998683335145,False
tjstats_10_pitch_same,fit,Tarik Skubal,10,Grant Wolfram,664991.0,FF,60.0,3.727615076154379,True,,1.9259,60.50179549499135,0.5017954949913488,False
tjstats_10_pitch_same,fit,Tarik Skubal,10,Grant Wolfram,664991.0,FS,,,False,,1.9259,,,False
tjstats_10_pitch_same,fit,Tarik Skubal,10,Grant Wolfram,664991.0,SI,81.0,1.25628614535745,True,,1.9259,84.42114323206403,3.4211432320640256,False
tjstats_10_pitch_same,fit,Tarik Skubal,10,Grant Wolfram,664991.0,SL,56.0,3.672981197052093,True,,1.9259,60.94902771035012,4.949027710350123,False
tjstats_10_pitch_same,fit,Tarik Skubal,11,Blake Snell,605483.0,CH,55.0,3.1798129983806627,True,,1.9259,65.13870455101213,10.138704551012125,False
tjstats_10_pitch_same,fit,Tarik Skubal,11,Blake Snell,605483.0,CU,43.0,6.360730258023133,True,,1.9259,42.4241926233899,0.5758073766101006,False
tjstats_10_pitch_same,fit,Tarik Skubal,11,Blake Snell,605483.0,FF,63.0,3.1179707000872146,True,,1.9259,65.68400869798553,2.684008697985533,False
tjstats_10_pitch_same,fit,Tarik Skubal,11,Blake Snell,605483.0,FS,,,False,,1.9259,,,False
tjstats_10_pitch_same,fit,Tarik Skubal,11,Blake Snell,605483.0,SI,,,False,,1.9259,,,False
tjstats_10_pitch_same,fit,Tarik Skubal,11,Blake Snell,605483.0,SL,60.0,4.130652962174825,True,,1.9259,57.302368226487324,2.6976317735126756,False
tjstats_10_pitch_same,fit,Tarik Skubal,12,Reid Detmers,672282.0,CH,,,False,,1.9259,,,False
tjstats_10_pitch_same,fit,Tarik Skubal,12,Reid Detmers,672282.0,CU,8.0,13.113034971787156,True,,1.9259,17.072715440030787,9.072715440030787,False
tjstats_10_pitch_same,fit,Tarik Skubal,12,Reid Detmers,672282.0,FF,66.0,4.094375144987248,True,,1.9259,57.583285616672,8.416714383328,False
tjstats_10_pitch_same,fit,Tarik Skubal,12,Reid Detmers,672282.0,FS,,,False,,1.9259,,,False
tjstats_10_pitch_same,fit,Tarik Skubal,12,Reid Detmers,672282.0,SI,81.0,2.721971550127297,True,,1.9259,69.28564464998097,11.714355350019034,False
tjstats_10_pitch_same,fit,Tarik Skubal,12,Reid Detmers,672282.0,SL,37.0,5.326028961398926,True,,1.9259,48.77415570782405,11.77415570782405,False
tjstats_10_pitch_same,fit,Tarik Skubal,13,Bennett Sousa,656986.0,CH,,,False,,1.9259,,,False
tjstats_10_pitch_same,fit,Tarik Skubal,13,Bennett Sousa,656986.0,CU,,,False,,1.9259,,,False
tjstats_10_pitch_same,fit,Tarik Skubal,13,Bennett Sousa,656986.0,FF,80.0,2.4659360807185897,True,,1.9259,71.71875741528622,8.28124258471378,False
tjstats_10_pitch_same,fit,Tarik Skubal,13,Bennett Sousa,656986.0,FS,,,False,,1.9259,,,False
tjstats_10_pitch_same,fit,Tarik Skubal,13,Bennett Sousa,656986.0,SI,63.0,3.4512034702255288,True,,1.9259,62.79870245030435,0.20129754969565283,False
tjstats_10_pitch_same,fit,Tarik Skubal,13,Bennett Sousa,656986.0,SL,40.0,7.766246581567943,True,,1.9259,35.10170353148302,4.898296468516982,False
tjstats_10_pitch_same,fit,Tarik Skubal,14,Jalen Beeks,656222.0,CH,85.0,3.0791602058416276,True,,1.9259,66.02855526665346,18.971444733346544,False
tjstats_10_pitch_same,fit,Tarik Skubal,14,Jalen Beeks,656222.0,CU,,,False,,1.9259,,,False
tjstats_10_pitch_same,fit,Tarik Skubal,14,Jalen Beeks,656222.0,FF,57.0,5.452578096803739,True,,1.9259,47.94915872048225,9.050841279517748,False
tjstats_10_pitch_same,fit,Tarik Skubal,14,Jalen Beeks,656222.0,FS,,,False,,1.9259,,,False
tjstats_10_pitch_same,fit,Tarik Skubal,14,Jalen Beeks,656222.0,SI,,,False,,1.9259,,,False
tjstats_10_pitch_same,fit,Tarik Skubal,14,Jalen Beeks,656222.0,SL,,,False,,1.9259,,,False
tjstats_10_pitch_same,fit,Tarik Skubal,15,Garrett Crochet,676979.0,CH,59.0,3.894085896781649,True,,1.9259,59.15920041719254,0.15920041719253675,False
tjstats_10_pitch_same,fit,Tarik Skubal,15,Garrett Crochet,676979.0,CU,,,False,,1.9259,,,False
tjstats_10_pitch_same,fit,Tarik Skubal,15,Garrett Crochet,676979.0,FF,51.0,6.212697638237447,True,,1.9259,43.27928692117641,7.720713078823593,False
tjstats_10_pitch_same,fit,Tarik Skubal,15,Garrett Crochet,676979.0,FS,13.0,,False,"site matched, ours not",1.9259,,,False
tjstats_10_pitch_same,fit,Tarik Skubal,15,Garrett Crochet,676979.0,SI,40.0,6.525723057696758,True,,1.9259,41.491023525010604,1.491023525010604,False
tjstats_10_pitch_same,fit,Tarik Skubal,15,Garrett Crochet,676979.0,SL,,,False,,1.9259,,,False
tjstats_10_pitch_same,fit,Tarik Skubal,16,Parker Messick,800048.0,CH,56.0,4.370231672069675,True,,1.9259,55.48128755284767,0.5187124471523319,False
tjstats_10_pitch_same,fit,Tarik Skubal,16,Parker Messick,800048.0,CU,22.0,10.250406660504336,True,,1.9259,25.112736144552095,3.1127361445520947,False
tjstats_10_pitch_same,fit,Tarik Skubal,16,Parker Messick,800048.0,FF,38.0,9.184015968370085,True,,1.9259,28.995156089185624,9.004843910814376,False
tjstats_10_pitch_same,fit,Tarik Skubal,16,Parker Messick,800048.0,FS,,,False,,1.9259,,,False
tjstats_10_pitch_same,fit,Tarik Skubal,16,Parker Messick,800048.0,SI,30.0,8.857937979138429,True,,1.9259,30.298111307531073,0.29811130753107307,False
tjstats_10_pitch_same,fit,Tarik Skubal,16,Parker Messick,800048.0,SL,47.0,5.479477850355643,True,,1.9259,47.7756007147642,0.7756007147642023,False
tjstats_10_pitch_same,fit,Tarik Skubal,17,Ryan Weathers,677960.0,CH,47.0,8.146128298359148,True,,1.9259,33.34941117990515,13.650588820094853,False
tjstats_10_pitch_same,fit,Tarik Skubal,17,Ryan Weathers,677960.0,CU,,,False,,1.9259,,,False
tjstats_10_pitch_same,fit,Tarik Skubal,17,Ryan Weathers,677960.0,FF,38.0,8.090735230446578,True,,1.9259,33.59937008800541,4.400629911994592,False
tjstats_10_pitch_same,fit,Tarik Skubal,17,Ryan Weathers,677960.0,FS,,,False,,1.9259,,,False
tjstats_10_pitch_same,fit,Tarik Skubal,17,Ryan Weathers,677960.0,SI,36.0,9.02497185868344,True,,1.9259,29.623517466811627,6.376482533188373,False
tjstats_10_pitch_same,fit,Tarik Skubal,17,Ryan Weathers,677960.0,SL,61.0,8.353386632816578,True,,1.9259,32.43054998835848,28.56945001164152,False
tjstats_10_pitch_same,fit,Tarik Skubal,18,Jacob Latz,656641.0,CH,70.0,2.1785829236127316,True,,1.9259,74.55138778845225,4.551387788452246,False
tjstats_10_pitch_same,fit,Tarik Skubal,18,Jacob Latz,656641.0,CU,51.0,3.483024740923581,True,,1.9259,62.52989606698116,11.52989606698116,False
tjstats_10_pitch_same,fit,Tarik Skubal,18,Jacob Latz,656641.0,FF,42.0,4.766381886048086,True,,1.9259,52.596164502921205,10.596164502921205,False
tjstats_10_pitch_same,fit,Tarik Skubal,18,Jacob Latz,656641.0,FS,,,False,,1.9259,,,False
tjstats_10_pitch_same,fit,Tarik Skubal,18,Jacob Latz,656641.0,SI,,,False,,1.9259,,,False
tjstats_10_pitch_same,fit,Tarik Skubal,18,Jacob Latz,656641.0,SL,34.0,7.514234984910048,True,,1.9259,36.31467085374539,2.3146708537453904,False
tjstats_10_pitch_same,fit,Tarik Skubal,19,Matt Gage,657424.0,CH,39.0,9.088523812827061,True,,1.9259,29.37081522874731,9.629184771252689,False
tjstats_10_pitch_same,fit,Tarik Skubal,19,Matt Gage,657424.0,CU,,,False,,1.9259,,,False
tjstats_10_pitch_same,fit,Tarik Skubal,19,Matt Gage,657424.0,FF,31.0,8.94242043581678,True,,1.9259,29.955016630529897,1.0449833694701027,False
tjstats_10_pitch_same,fit,Tarik Skubal,19,Matt Gage,657424.0,FS,,,False,,1.9259,,,False
tjstats_10_pitch_same,fit,Tarik Skubal,19,Matt Gage,657424.0,SI,55.0,3.6717546205712734,True,,1.9259,60.95910630220184,5.959106302201839,False
tjstats_10_pitch_same,fit,Tarik Skubal,19,Matt Gage,657424.0,SL,40.0,5.366266773293115,True,,1.9259,48.510310425295906,8.510310425295906,False
tjstats_10_pitch_same,fit,Tarik Skubal,20,Wade Miley,489119.0,CH,70.0,1.917401474242095,True,,1.9259,77.22296918904865,7.222969189048655,False
tjstats_10_pitch_same,fit,Tarik Skubal,20,Wade Miley,489119.0,CU,,,False,,1.9259,,,False
tjstats_10_pitch_same,fit,Tarik Skubal,20,Wade Miley,489119.0,FF,33.0,6.1976990900189595,True,,1.9259,43.36688023851152,10.36688023851152,False
tjstats_10_pitch_same,fit,Tarik Skubal,20,Wade Miley,489119.0,FS,,,False,,1.9259,,,False
tjstats_10_pitch_same,fit,Tarik Skubal,20,Wade Miley,489119.0,SI,33.0,5.8739409654353,True,,1.9259,45.301488362361134,12.301488362361134,False
tjstats_10_pitch_same,fit,Tarik Skubal,20,Wade Miley,489119.0,SL,,,False,,1.9259,,,False
tjstats_10_pitch_both,fit,Tarik Skubal,1,Adrian Morejon,670970.0,CH,70.0,5.288352677323769,True,,1.9499,49.88500551053364,20.114994489466362,False
tjstats_10_pitch_both,fit,Tarik Skubal,1,Adrian Morejon,670970.0,CU,,,False,,1.9499,,,False
tjstats_10_pitch_both,fit,Tarik Skubal,1,Adrian Morejon,670970.0,FF,86.0,3.30926840992216,True,,1.9499,64.71427282699173,21.28572717300827,False
tjstats_10_pitch_both,fit,Tarik Skubal,1,Adrian Morejon,670970.0,FS,,,False,,1.9499,,,False
tjstats_10_pitch_both,fit,Tarik Skubal,1,Adrian Morejon,670970.0,SI,73.0,3.1579290385643977,True,,1.9499,66.01511966025507,6.984880339744933,False
tjstats_10_pitch_both,fit,Tarik Skubal,1,Adrian Morejon,670970.0,SL,39.0,13.764671310984923,True,,1.9499,16.363190500537048,22.636809499462952,False
tjstats_10_pitch_both,fit,Tarik Skubal,2,Matthew Liberatore,669461.0,CH,80.0,4.628091480712988,True,,1.9499,54.41004172204097,25.589958277959028,False
tjstats_10_pitch_both,fit,Tarik Skubal,2,Matthew Liberatore,669461.0,CU,10.0,17.067424282605394,True,,1.9499,10.598396759560604,0.5983967595606039,False
tjstats_10_pitch_both,fit,Tarik Skubal,2,Matthew Liberatore,669461.0,FF,49.0,10.6225656511105,True,,1.9499,24.735509600936844,24.264490399063156,False
tjstats_10_pitch_both,fit,Tarik Skubal,2,Matthew Liberatore,669461.0,FS,,,False,,1.9499,,,False
tjstats_10_pitch_both,fit,Tarik Skubal,2,Matthew Liberatore,669461.0,SI,67.0,6.964922075262414,True,,1.9499,40.014490643585866,26.985509356414134,False
tjstats_10_pitch_both,fit,Tarik Skubal,2,Matthew Liberatore,669461.0,SL,48.0,11.203870076058607,True,,1.9499,22.915072225324298,25.084927774675702,False
tjstats_10_pitch_both,fit,Tarik Skubal,3,Brock Burke,656271.0,CH,78.0,2.1551095515764147,True,,1.9499,75.321115018267,2.678884981733006,False
tjstats_10_pitch_both,fit,Tarik Skubal,3,Brock Burke,656271.0,CU,,,False,,1.9499,,,False
tjstats_10_pitch_both,fit,Tarik Skubal,3,Brock Burke,656271.0,FF,55.0,4.107794896080584,True,,1.9499,58.263207898893754,3.2632078988937536,False
tjstats_10_pitch_both,fit,Tarik Skubal,3,Brock Burke,656271.0,FS,,,False,,1.9499,,,False
tjstats_10_pitch_both,fit,Tarik Skubal,3,Brock Burke,656271.0,SI,43.0,5.971439179460351,True,,1.9499,45.59921691247525,2.5992169124752493,False
tjstats_10_pitch_both,fit,Tarik Skubal,3,Brock Burke,656271.0,SL,53.0,2.9590032840885923,True,,1.9499,67.76485632181208,14.764856321812076,False
tjstats_10_pitch_both,fit,Tarik Skubal,4,Max Fried,608331.0,CH,68.0,2.5722800000623836,True,,1.9499,71.300270485438,3.3002704854380056,False
tjstats_10_pitch_both,fit,Tarik Skubal,4,Max Fried,608331.0,CU,11.0,14.343618419341398,True,,1.9499,15.163623284292074,4.163623284292074,False
tjstats_10_pitch_both,fit,Tarik Skubal,4,Max Fried,608331.0,FF,80.0,2.0577055575768046,True,,1.9499,76.29212408146951,3.7078759185304904,False
tjstats_10_pitch_both,fit,Tarik Skubal,4,Max Fried,608331.0,FS,,,False,,1.9499,,,False
tjstats_10_pitch_both,fit,Tarik Skubal,4,Max Fried,608331.0,SI,24.0,8.879560021917944,True,,1.9499,31.107701253879107,7.107701253879107,False
tjstats_10_pitch_both,fit,Tarik Skubal,4,Max Fried,608331.0,SL,39.0,8.083426856105591,True,,1.9499,34.541159673781266,4.458840326218734,False
tjstats_10_pitch_both,fit,Tarik Skubal,5,Easton Lucas,687922.0,CH,93.0,3.3487945999631306,True,,1.9499,64.37876540741216,28.62123459258784,False
tjstats_10_pitch_both,fit,Tarik Skubal,5,Easton Lucas,687922.0,CU,,,False,,1.9499,,,False
tjstats_10_pitch_both,fit,Tarik Skubal,5,Easton Lucas,687922.0,FF,62.0,4.516040584057548,True,,1.9499,55.21772927868517,6.7822707213148306,False
tjstats_10_pitch_both,fit,Tarik Skubal,5,Easton Lucas,687922.0,FS,,,False,,1.9499,,,False
tjstats_10_pitch_both,fit,Tarik Skubal,5,Easton Lucas,687922.0,SI,,,False,,1.9499,,,False
tjstats_10_pitch_both,fit,Tarik Skubal,5,Easton Lucas,687922.0,SL,61.0,3.708388426636406,True,,1.9499,61.40523730565987,0.4052373056598668,False
tjstats_10_pitch_both,fit,Tarik Skubal,6,Jordan Wicks,696136.0,CH,55.0,4.391569080876012,True,,1.9499,56.12901187991021,1.129011879910209,False
tjstats_10_pitch_both,fit,Tarik Skubal,6,Jordan Wicks,696136.0,CU,,,False,,1.9499,,,False
tjstats_10_pitch_both,fit,Tarik Skubal,6,Jordan Wicks,696136.0,FF,65.0,2.718386285780003,True,,1.9499,69.94339545353252,4.943395453532517,False
tjstats_10_pitch_both,fit,Tarik Skubal,6,Jordan Wicks,696136.0,FS,,,False,,1.9499,,,False
tjstats_10_pitch_both,fit,Tarik Skubal,6,Jordan Wicks,696136.0,SI,49.0,5.945430729885066,True,,1.9499,45.75544534908089,3.244554650919113,False
tjstats_10_pitch_both,fit,Tarik Skubal,6,Jordan Wicks,696136.0,SL,57.0,6.648511209295152,True,,1.9499,41.71461548836457,15.285384511635428,False
tjstats_10_pitch_both,fit,Tarik Skubal,7,Dietrich Enns,608650.0,CH,52.0,8.356741750273775,True,,1.9499,33.32170940127711,18.67829059872289,False
tjstats_10_pitch_both,fit,Tarik Skubal,7,Dietrich Enns,608650.0,CU,45.0,5.242298757297213,True,,1.9499,50.18804396273067,5.188043962730667,False
tjstats_10_pitch_both,fit,Tarik Skubal,7,Dietrich Enns,608650.0,FF,61.0,5.0077303412217224,True,,1.9499,51.76032696784942,9.239673032150577,False
tjstats_10_pitch_both,fit,Tarik Skubal,7,Dietrich Enns,608650.0,FS,,,False,,1.9499,,,False
tjstats_10_pitch_both,fit,Tarik Skubal,7,Dietrich Enns,608650.0,SI,55.0,3.8733046262989363,True,,1.9499,60.08785083876676,5.087850838766762,False
tjstats_10_pitch_both,fit,Tarik Skubal,7,Dietrich Enns,608650.0,SL,,,False,,1.9499,,,False
tjstats_10_pitch_both,fit,Tarik Skubal,8,Eduardo Rodriguez,593958.0,CH,80.0,2.4764015670916475,True,,1.9499,72.20495722797091,7.795042772029092,False
tjstats_10_pitch_both,fit,Tarik Skubal,8,Eduardo Rodriguez,593958.0,CU,72.0,1.974862778910412,True,,1.9499,77.1278185122991,5.1278185122991005,False
tjstats_10_pitch_both,fit,Tarik Skubal,8,Eduardo Rodriguez,593958.0,FF,28.0,7.987432849868211,True,,1.9499,34.97996355473295,6.979963554732947,False
tjstats_10_pitch_both,fit,Tarik Skubal,8,Eduardo Rodriguez,593958.0,FS,,,False,,1.9499,,,False
tjstats_10_pitch_both,fit,Tarik Skubal,8,Eduardo Rodriguez,593958.0,SI,35.0,6.863104724076354,True,,1.9499,40.55387105345541,5.55387105345541,False
tjstats_10_pitch_both,fit,Tarik Skubal,8,Eduardo Rodriguez,593958.0,SL,35.0,6.116743366382005,True,,1.9499,44.7361626176999,9.736162617699897,False
tjstats_10_pitch_both,fit,Tarik Skubal,9,Jared Koenig,657649.0,CH,51.0,7.695722941028827,True,,1.9499,36.34792104263702,14.652078957362981,False
tjstats_10_pitch_both,fit,Tarik Skubal,9,Jared Koenig,657649.0,CU,19.0,17.268506649448245,True,,1.9499,10.321810880750675,8.678189119249325,False
tjstats_10_pitch_both,fit,Tarik Skubal,9,Jared Koenig,657649.0,FF,58.0,3.478930801789587,True,,1.9499,63.28638171558527,5.2863817155852715,False
tjstats_10_pitch_both,fit,Tarik Skubal,9,Jared Koenig,657649.0,FS,,,False,,1.9499,,,False
tjstats_10_pitch_both,fit,Tarik Skubal,9,Jared Koenig,657649.0,SI,56.0,3.5218051713777894,True,,1.9499,62.9305623443686,6.930562344368603,False
tjstats_10_pitch_both,fit,Tarik Skubal,9,Jared Koenig,657649.0,SL,,,False,,1.9499,,,False
tjstats_10_pitch_both,fit,Tarik Skubal,10,Grant Wolfram,664991.0,CH,,,False,,1.9499,,,False
tjstats_10_pitch_both,fit,Tarik Skubal,10,Grant Wolfram,664991.0,CU,65.0,3.151925801990373,True,,1.9499,66.06725661241823,1.0672566124182339,False
tjstats_10_pitch_both,fit,Tarik Skubal,10,Grant Wolfram,664991.0,FF,60.0,3.961901280163166,True,,1.9499,59.391830719663965,0.6081692803360355,False
tjstats_10_pitch_both,fit,Tarik Skubal,10,Grant Wolfram,664991.0,FS,,,False,,1.9499,,,False
tjstats_10_pitch_both,fit,Tarik Skubal,10,Grant Wolfram,664991.0,SI,81.0,1.4294365826861974,True,,1.9499,82.86317914888524,1.8631791488852372,False
tjstats_10_pitch_both,fit,Tarik Skubal,10,Grant Wolfram,664991.0,SL,56.0,3.688610094579651,True,,1.9499,61.56515824026795,5.565158240267948,False
tjstats_10_pitch_both,fit,Tarik Skubal,11,Blake Snell,605483.0,CH,55.0,3.192151371256551,True,,1.9499,65.71869013529079,10.718690135290785,False
tjstats_10_pitch_both,fit,Tarik Skubal,11,Blake Snell,605483.0,CU,43.0,6.045728851131998,True,,1.9499,45.15590290971955,2.1559029097195506,False
tjstats_10_pitch_both,fit,Tarik Skubal,11,Blake Snell,605483.0,FF,63.0,3.116028282962668,True,,1.9499,66.37988004823869,3.3798800482386895,False
tjstats_10_pitch_both,fit,Tarik Skubal,11,Blake Snell,605483.0,FS,,,False,,1.9499,,,False
tjstats_10_pitch_both,fit,Tarik Skubal,11,Blake Snell,605483.0,SI,,,False,,1.9499,,,False
tjstats_10_pitch_both,fit,Tarik Skubal,11,Blake Snell,605483.0,SL,60.0,3.998767937757921,True,,1.9499,59.10458507061732,0.8954149293826816,False
tjstats_10_pitch_both,fit,Tarik Skubal,12,Reid Detmers,672282.0,CH,,,False,,1.9499,,,False
tjstats_10_pitch_both,fit,Tarik Skubal,12,Reid Detmers,672282.0,CU,8.0,13.411862542404524,True,,1.9499,17.140271866477093,9.140271866477093,False
tjstats_10_pitch_both,fit,Tarik Skubal,12,Reid Detmers,672282.0,FF,66.0,4.288433885525585,True,,1.9499,56.8954694020526,9.104530597947402,False
tjstats_10_pitch_both,fit,Tarik Skubal,12,Reid Detmers,672282.0,FS,,,False,,1.9499,,,False
tjstats_10_pitch_both,fit,Tarik Skubal,12,Reid Detmers,672282.0,SI,81.0,2.6752697841898443,True,,1.9499,70.34110624567883,10.65889375432117,False
tjstats_10_pitch_both,fit,Tarik Skubal,12,Reid Detmers,672282.0,SL,37.0,5.489649317712295,True,,1.9499,48.58178981903695,11.581789819036949,False
tjstats_10_pitch_both,fit,Tarik Skubal,13,Bennett Sousa,656986.0,CH,,,False,,1.9499,,,False
tjstats_10_pitch_both,fit,Tarik Skubal,13,Bennett Sousa,656986.0,CU,,,False,,1.9499,,,False
tjstats_10_pitch_both,fit,Tarik Skubal,13,Bennett Sousa,656986.0,FF,80.0,2.4520349270463697,True,,1.9499,72.43669882300428,7.563301176995722,False
tjstats_10_pitch_both,fit,Tarik Skubal,13,Bennett Sousa,656986.0,FS,,,False,,1.9499,,,False
tjstats_10_pitch_both,fit,Tarik Skubal,13,Bennett Sousa,656986.0,SI,63.0,3.877379253064813,True,,1.9499,60.05566213560516,2.9443378643948392,False
tjstats_10_pitch_both,fit,Tarik Skubal,13,Bennett Sousa,656986.0,SL,40.0,8.120695593928646,True,,1.9499,34.372285550281504,5.627714449718496,False
tjstats_10_pitch_both,fit,Tarik Skubal,14,Jalen Beeks,656222.0,CH,85.0,3.3476002678039536,True,,1.9499,64.38887764354135,20.61112235645865,False
tjstats_10_pitch_both,fit,Tarik Skubal,14,Jalen Beeks,656222.0,CU,,,False,,1.9499,,,False
tjstats_10_pitch_both,fit,Tarik Skubal,14,Jalen Beeks,656222.0,FF,57.0,5.585700467596132,True,,1.9499,47.97199821403586,9.028001785964143,False
tjstats_10_pitch_both,fit,Tarik Skubal,14,Jalen Beeks,656222.0,FS,,,False,,1.9499,,,False
tjstats_10_pitch_both,fit,Tarik Skubal,14,Jalen Beeks,656222.0,SI,,,False,,1.9499,,,False
tjstats_10_pitch_both,fit,Tarik Skubal,14,Jalen Beeks,656222.0,SL,,,False,,1.9499,,,False
tjstats_10_pitch_both,fit,Tarik Skubal,15,Garrett Crochet,676979.0,CH,59.0,4.01212260668108,True,,1.9499,59.00087562270334,0.0008756227033401842,False
tjstats_10_pitch_both,fit,Tarik Skubal,15,Garrett Crochet,676979.0,CU,,,False,,1.9499,,,False
tjstats_10_pitch_both,fit,Tarik Skubal,15,Garrett Crochet,676979.0,FF,51.0,6.944226436680001,True,,1.9499,40.123542376702744,10.876457623297256,False
tjstats_10_pitch_both,fit,Tarik Skubal,15,Garrett Crochet,676979.0,FS,13.0,,False,"site matched, ours not",1.9499,,,False
tjstats_10_pitch_both,fit,Tarik Skubal,15,Garrett Crochet,676979.0,SI,40.0,6.771197980361226,True,,1.9499,41.046990542395804,1.046990542395804,False
tjstats_10_pitch_both,fit,Tarik Skubal,15,Garrett Crochet,676979.0,SL,,,False,,1.9499,,,False
tjstats_10_pitch_both,fit,Tarik Skubal,16,Parker Messick,800048.0,CH,56.0,4.560105343843487,True,,1.9499,54.898680149436665,1.1013198505633355,False
tjstats_10_pitch_both,fit,Tarik Skubal,16,Parker Messick,800048.0,CU,22.0,9.144127477765013,True,,1.9499,30.044007661589355,8.044007661589355,False
tjstats_10_pitch_both,fit,Tarik Skubal,16,Parker Messick,800048.0,FF,38.0,9.173544685720664,True,,1.9499,29.92800582396592,8.071994176034082,False
tjstats_10_pitch_both,fit,Tarik Skubal,16,Parker Messick,800048.0,FS,,,False,,1.9499,,,False
tjstats_10_pitch_both,fit,Tarik Skubal,16,Parker Messick,800048.0,SI,30.0,9.436751205909632,True,,1.9499,28.909824178162246,1.0901758218377537,False
tjstats_10_pitch_both,fit,Tarik Skubal,16,Parker Messick,800048.0,SL,47.0,5.533973030353361,True,,1.9499,48.2994384697949,1.2994384697949002,False
tjstats_10_pitch_both,fit,Tarik Skubal,17,Ryan Weathers,677960.0,CH,47.0,8.918067065402445,True,,1.9499,30.950573004525754,16.049426995474246,False
tjstats_10_pitch_both,fit,Tarik Skubal,17,Ryan Weathers,677960.0,CU,,,False,,1.9499,,,False
tjstats_10_pitch_both,fit,Tarik Skubal,17,Ryan Weathers,677960.0,FF,38.0,9.038972151024517,True,,1.9499,30.462358610687463,7.537641389312537,False
tjstats_10_pitch_both,fit,Tarik Skubal,17,Ryan Weathers,677960.0,FS,,,False,,1.9499,,,False
tjstats_10_pitch_both,fit,Tarik Skubal,17,Ryan Weathers,677960.0,SI,36.0,10.581154095888053,True,,1.9499,24.870583308264436,11.129416691735564,False
tjstats_10_pitch_both,fit,Tarik Skubal,17,Ryan Weathers,677960.0,SL,61.0,7.404290885026896,True,,1.9499,37.76799504855241,23.232004951447593,False
tjstats_10_pitch_both,fit,Tarik Skubal,18,Jacob Latz,656641.0,CH,70.0,2.1339237156398365,True,,1.9499,75.53125698734962,5.531256987349622,False
tjstats_10_pitch_both,fit,Tarik Skubal,18,Jacob Latz,656641.0,CU,51.0,3.8586741741078376,True,,1.9499,60.20357061956743,9.20357061956743,False
tjstats_10_pitch_both,fit,Tarik Skubal,18,Jacob Latz,656641.0,FF,42.0,4.8422154535172295,True,,1.9499,52.899302623108305,10.899302623108305,False
tjstats_10_pitch_both,fit,Tarik Skubal,18,Jacob Latz,656641.0,FS,,,False,,1.9499,,,False
tjstats_10_pitch_both,fit,Tarik Skubal,18,Jacob Latz,656641.0,SI,,,False,,1.9499,,,False
tjstats_10_pitch_both,fit,Tarik Skubal,18,Jacob Latz,656641.0,SL,34.0,7.431778514150625,True,,1.9499,37.63171827764698,3.631718277646982,False
tjstats_10_pitch_both,fit,Tarik Skubal,19,Matt Gage,657424.0,CH,39.0,8.592593533546784,True,,1.9499,32.30406944287847,6.695930557121528,False
tjstats_10_pitch_both,fit,Tarik Skubal,19,Matt Gage,657424.0,CU,,,False,,1.9499,,,False
tjstats_10_pitch_both,fit,Tarik Skubal,19,Matt Gage,657424.0,FF,31.0,8.801588755857008,True,,1.9499,31.42831068467445,0.4283106846744502,False
tjstats_10_pitch_both,fit,Tarik Skubal,19,Matt Gage,657424.0,FS,,,False,,1.9499,,,False
tjstats_10_pitch_both,fit,Tarik Skubal,19,Matt Gage,657424.0,SI,55.0,4.038358621372502,True,,1.9499,58.79766207209129,3.797662072091292,False
tjstats_10_pitch_both,fit,Tarik Skubal,19,Matt Gage,657424.0,SL,40.0,5.661647953073022,True,,1.9499,47.49526043220628,7.49526043220628,False
tjstats_10_pitch_both,fit,Tarik Skubal,20,Wade Miley,489119.0,CH,70.0,1.8959928771690016,True,,1.9499,77.93194032091039,7.931940320910385,False
tjstats_10_pitch_both,fit,Tarik Skubal,20,Wade Miley,489119.0,CU,,,False,,1.9499,,,False
tjstats_10_pitch_both,fit,Tarik Skubal,20,Wade Miley,489119.0,FF,33.0,5.80186970118256,True,,1.9499,46.6274738391745,13.627473839174499,False
tjstats_10_pitch_both,fit,Tarik Skubal,20,Wade Miley,489119.0,FS,,,False,,1.9499,,,False
tjstats_10_pitch_both,fit,Tarik Skubal,20,Wade Miley,489119.0,SI,33.0,6.723041469020721,True,,1.9499,41.30776049891963,8.307760498919627,False
tjstats_10_pitch_both,fit,Tarik Skubal,20,Wade Miley,489119.0,SL,,,False,,1.9499,,,False
tjstats_10_pitcher_same,fit,Tarik Skubal,1,Adrian Morejon,670970.0,CH,70.0,6.663268356283204,True,,2.2849,52.826870938528906,17.173129061471094,False
tjstats_10_pitcher_same,fit,Tarik Skubal,1,Adrian Morejon,670970.0,CU,,,False,,2.2849,,,False
tjstats_10_pitcher_same,fit,Tarik Skubal,1,Adrian Morejon,670970.0,FF,86.0,5.479293093714348,True,,2.2849,59.16977710944735,26.830222890552648,False
tjstats_10_pitcher_same,fit,Tarik Skubal,1,Adrian Morejon,670970.0,FS,,,False,,2.2849,,,False
tjstats_10_pitcher_same,fit,Tarik Skubal,1,Adrian Morejon,670970.0,SI,73.0,4.443475995486951,True,,2.2849,65.34052829802394,7.659471701976059,False
tjstats_10_pitcher_same,fit,Tarik Skubal,1,Adrian Morejon,670970.0,SL,39.0,20.90601092494277,True,,2.2849,13.503829312646745,25.496170687353256,False
tjstats_10_pitcher_same,fit,Tarik Skubal,2,Matthew Liberatore,669461.0,CH,80.0,5.56741080778918,True,,2.2849,58.672535441391005,21.327464558608995,False
tjstats_10_pitcher_same,fit,Tarik Skubal,2,Matthew Liberatore,669461.0,CU,10.0,21.672332744963203,True,,2.2849,12.548255134765812,2.548255134765812,False
tjstats_10_pitcher_same,fit,Tarik Skubal,2,Matthew Liberatore,669461.0,FF,49.0,14.486884735314556,True,,2.2849,24.971662415224547,24.028337584775453,False
tjstats_10_pitcher_same,fit,Tarik Skubal,2,Matthew Liberatore,669461.0,FS,,,False,,2.2849,,,False
tjstats_10_pitcher_same,fit,Tarik Skubal,2,Matthew Liberatore,669461.0,SI,67.0,9.938343009032192,True,,2.2849,38.60422243225574,28.39577756774426,False
tjstats_10_pitcher_same,fit,Tarik Skubal,2,Matthew Liberatore,669461.0,SL,48.0,16.410086109190296,True,,2.2849,20.770923224606904,27.229076775393096,False
tjstats_10_pitcher_same,fit,Tarik Skubal,3,Brock Burke,656271.0,CH,78.0,2.5686278205147617,True,,2.2849,78.19214790941392,0.19214790941391868,False
tjstats_10_pitcher_same,fit,Tarik Skubal,3,Brock Burke,656271.0,CU,,,False,,2.2849,,,False
tjstats_10_pitcher_same,fit,Tarik Skubal,3,Brock Burke,656271.0,FF,55.0,4.994897856316494,True,,2.2849,61.97940023211878,6.979400232118778,False
tjstats_10_pitcher_same,fit,Tarik Skubal,3,Brock Burke,656271.0,FS,,,False,,2.2849,,,False
tjstats_10_pitcher_same,fit,Tarik Skubal,3,Brock Burke,656271.0,SI,43.0,8.763674777763383,True,,2.2849,43.2008954116088,0.20089541160879776,False
tjstats_10_pitcher_same,fit,Tarik Skubal,3,Brock Burke,656271.0,SL,53.0,4.308894521327661,True,,2.2849,66.18815642466357,13.188156424663575,False
tjstats_10_pitcher_same,fit,Tarik Skubal,4,Max Fried,608331.0,CH,68.0,3.5064992646614295,True,,2.2849,71.47501998921524,3.475019989215241,False
tjstats_10_pitcher_same,fit,Tarik Skubal,4,Max Fried,608331.0,CU,11.0,19.455211008636724,True,,2.2849,15.516723293638107,4.5167232936381065,False
tjstats_10_pitcher_same,fit,Tarik Skubal,4,Max Fried,608331.0,FF,80.0,2.4661194353101603,True,,2.2849,78.96356934504006,1.0364306549599434,False
tjstats_10_pitcher_same,fit,Tarik Skubal,4,Max Fried,608331.0,FS,,,False,,2.2849,,,False
tjstats_10_pitcher_same,fit,Tarik Skubal,4,Max Fried,608331.0,SI,24.0,14.964402739981917,True,,2.2849,23.855364881341995,0.14463511865800527,False
tjstats_10_pitcher_same,fit,Tarik Skubal,4,Max Fried,608331.0,SL,39.0,12.701596939321394,True,,2.2849,29.62803675844144,9.37196324155856,False
tjstats_10_pitcher_same,fit,Tarik Skubal,5,Easton Lucas,687922.0,CH,93.0,4.48477371903969,True,,2.2849,65.08260783549669,27.917392164503312,False
tjstats_10_pitcher_same,fit,Tarik Skubal,5,Easton Lucas,687922.0,CU,,,False,,2.2849,,,False
tjstats_10_pitcher_same,fit,Tarik Skubal,5,Easton Lucas,687922.0,FF,62.0,5.489002757538732,True,,2.2849,59.1147802582803,2.885219741719702,False
tjstats_10_pitcher_same,fit,Tarik Skubal,5,Easton Lucas,687922.0,FS,,,False,,2.2849,,,False
tjstats_10_pitcher_same,fit,Tarik Skubal,5,Easton Lucas,687922.0,SI,,,False,,2.2849,,,False
tjstats_10_pitcher_same,fit,Tarik Skubal,5,Easton Lucas,687922.0,SL,61.0,5.849319467811141,True,,2.2849,57.10964201822114,3.8903579817788625,False
tjstats_10_pitcher_same,fit,Tarik Skubal,6,Jordan Wicks,696136.0,CH,55.0,6.242568422372215,True,,2.2849,54.99877878814389,0.0012212118561123475,False
tjstats_10_pitcher_same,fit,Tarik Skubal,6,Jordan Wicks,696136.0,CU,,,False,,2.2849,,,False
tjstats_10_pitcher_same,fit,Tarik Skubal,6,Jordan Wicks,696136.0,FF,65.0,3.2116167495840666,True,,2.2849,73.52234064706819,8.52234064706819,False
tjstats_10_pitcher_same,fit,Tarik Skubal,6,Jordan Wicks,696136.0,FS,,,False,,2.2849,,,False
tjstats_10_pitcher_same,fit,Tarik Skubal,6,Jordan Wicks,696136.0,SI,49.0,9.343845423788707,True,,2.2849,40.865962187025524,8.134037812974476,False
tjstats_10_pitcher_same,fit,Tarik Skubal,6,Jordan Wicks,696136.0,SL,57.0,10.658367671564879,True,,2.2849,36.031873653742984,20.968126346257016,False
tjstats_10_pitcher_same,fit,Tarik Skubal,7,Dietrich Enns,608650.0,CH,52.0,11.938872692975396,True,,2.2849,31.87328606472284,20.12671393527716,False
tjstats_10_pitcher_same,fit,Tarik Skubal,7,Dietrich Enns,608650.0,CU,45.0,6.635168653070941,True,,2.2849,52.96922725278781,7.96922725278781,False
tjstats_10_pitcher_same,fit,Tarik Skubal,7,Dietrich Enns,608650.0,FF,61.0,6.4460555544982645,True,,2.2849,53.93732604930056,7.062673950699441,False
tjstats_10_pitcher_same,fit,Tarik Skubal,7,Dietrich Enns,608650.0,FS,,,False,,2.2849,,,False
tjstats_10_pitcher_same,fit,Tarik Skubal,7,Dietrich Enns,608650.0,SI,55.0,5.221509540282794,True,,2.2849,60.648758703819894,5.648758703819894,False
tjstats_10_pitcher_same,fit,Tarik Skubal,7,Dietrich Enns,608650.0,SL,,,False,,2.2849,,,False
tjstats_10_pitcher_same,fit,Tarik Skubal,8,Eduardo Rodriguez,593958.0,CH,80.0,3.3001663980708122,True,,2.2849,72.9014693893733,7.098530610626696,False
tjstats_10_pitcher_same,fit,Tarik Skubal,8,Eduardo Rodriguez,593958.0,CU,72.0,2.131791888973417,True,,2.2849,81.53281677416476,9.532816774164758,False
tjstats_10_pitcher_same,fit,Tarik Skubal,8,Eduardo Rodriguez,593958.0,FF,28.0,9.680714911193524,True,,2.2849,39.56856740350076,11.568567403500758,False
tjstats_10_pitcher_same,fit,Tarik Skubal,8,Eduardo Rodriguez,593958.0,FS,,,False,,2.2849,,,False
tjstats_10_pitcher_same,fit,Tarik Skubal,8,Eduardo Rodriguez,593958.0,SI,35.0,9.265704140599041,True,,2.2849,41.172937855614414,6.172937855614414,False
tjstats_10_pitcher_same,fit,Tarik Skubal,8,Eduardo Rodriguez,593958.0,SL,35.0,8.473141731506681,True,,2.2849,44.41982879363174,9.419828793631737,False
tjstats_10_pitcher_same,fit,Tarik Skubal,9,Jared Koenig,657649.0,CH,51.0,8.492086646557958,True,,2.2849,44.33930741100645,6.660692588993548,False
tjstats_10_pitcher_same,fit,Tarik Skubal,9,Jared Koenig,657649.0,CU,19.0,21.58239439174767,True,,2.2849,12.656806583699648,6.343193416300352,False
tjstats_10_pitcher_same,fit,Tarik Skubal,9,Jared Koenig,657649.0,FF,58.0,3.704909024864122,True,,2.2849,70.12967633343493,12.12967633343493,False
tjstats_10_pitcher_same,fit,Tarik Skubal,9,Jared Koenig,657649.0,FS,,,False,,2.2849,,,False
tjstats_10_pitcher_same,fit,Tarik Skubal,9,Jared Koenig,657649.0,SI,56.0,4.846044017071678,True,,2.2849,62.869302539668666,6.869302539668666,False
tjstats_10_pitcher_same,fit,Tarik Skubal,9,Jared Koenig,657649.0,SL,,,False,,2.2849,,,False
tjstats_10_pitcher_same,fit,Tarik Skubal,10,Grant Wolfram,664991.0,CH,,,False,,2.2849,,,False
tjstats_10_pitcher_same,fit,Tarik Skubal,10,Grant Wolfram,664991.0,CU,65.0,3.652176637254414,True,,2.2849,70.48474470554645,5.484744705546447,False
tjstats_10_pitcher_same,fit,Tarik Skubal,10,Grant Wolfram,664991.0,FF,60.0,4.1848936306218745,True,,2.2849,66.97887516709406,6.97887516709406,False
tjstats_10_pitcher_same,fit,Tarik Skubal,10,Grant Wolfram,664991.0,FS,,,False,,2.2849,,,False
tjstats_10_pitcher_same,fit,Tarik Skubal,10,Grant Wolfram,664991.0,SI,81.0,1.6649716219826889,True,,2.2849,85.26069869279948,4.26069869279948,False
tjstats_10_pitcher_same,fit,Tarik Skubal,10,Grant Wolfram,664991.0,SL,56.0,5.326454514280664,True,,2.2849,60.042247941978786,4.042247941978786,False
tjstats_10_pitcher_same,fit,Tarik Skubal,11,Blake Snell,605483.0,CH,55.0,4.013796467213913,True,,2.2849,68.08544632544981,13.085446325449809,False
tjstats_10_pitcher_same,fit,Tarik Skubal,11,Blake Snell,605483.0,CU,43.0,9.493698933271604,True,,2.2849,40.28365579539152,2.7163442046084825,False
tjstats_10_pitcher_same,fit,Tarik Skubal,11,Blake Snell,605483.0,FF,63.0,3.8742987440294883,True,,2.2849,69.00116339361624,6.001163393616238,False
tjstats_10_pitcher_same,fit,Tarik Skubal,11,Blake Snell,605483.0,FS,,,False,,2.2849,,,False
tjstats_10_pitcher_same,fit,Tarik Skubal,11,Blake Snell,605483.0,SI,,,False,,2.2849,,,False
tjstats_10_pitcher_same,fit,Tarik Skubal,11,Blake Snell,605483.0,SL,60.0,6.345914750916691,True,,2.2849,54.45710697066366,5.542893029336341,False
tjstats_10_pitcher_same,fit,Tarik Skubal,12,Reid Detmers,672282.0,CH,,,False,,2.2849,,,False
tjstats_10_pitcher_same,fit,Tarik Skubal,12,Reid Detmers,672282.0,CU,8.0,17.205493408096245,True,,2.2849,19.24741673312527,11.24741673312527,False
tjstats_10_pitcher_same,fit,Tarik Skubal,12,Reid Detmers,672282.0,FF,66.0,5.575295100605988,True,,2.2849,58.62824915593965,7.371750844060351,False
tjstats_10_pitcher_same,fit,Tarik Skubal,12,Reid Detmers,672282.0,FS,,,False,,2.2849,,,False
tjstats_10_pitcher_same,fit,Tarik Skubal,12,Reid Detmers,672282.0,SI,81.0,4.105776139648807,True,,2.2849,67.48831437863657,13.511685621363426,False
tjstats_10_pitcher_same,fit,Tarik Skubal,12,Reid Detmers,672282.0,SL,37.0,8.36214533954916,True,,2.2849,44.89454245576128,7.894542455761282,False
tjstats_10_pitcher_same,fit,Tarik Skubal,13,Bennett Sousa,656986.0,CH,,,False,,2.2849,,,False
tjstats_10_pitcher_same,fit,Tarik Skubal,13,Bennett Sousa,656986.0,CU,,,False,,2.2849,,,False
tjstats_10_pitcher_same,fit,Tarik Skubal,13,Bennett Sousa,656986.0,FF,80.0,4.295634148804382,True,,2.2849,66.27226638279531,13.727733617204692,False
tjstats_10_pitcher_same,fit,Tarik Skubal,13,Bennett Sousa,656986.0,FS,,,False,,2.2849,,,False
tjstats_10_pitcher_same,fit,Tarik Skubal,13,Bennett Sousa,656986.0,SI,63.0,6.20996586923174,True,,2.2849,55.17077483362019,7.829225166379807,False
tjstats_10_pitcher_same,fit,Tarik Skubal,13,Bennett Sousa,656986.0,SL,40.0,12.545810398266237,True,,2.2849,30.073397835947084,9.926602164052916,False
tjstats_10_pitcher_same,fit,Tarik Skubal,14,Jalen Beeks,656222.0,CH,85.0,4.517928363622133,True,,2.2849,64.87628104876406,20.123718951235944,False
tjstats_10_pitcher_same,fit,Tarik Skubal,14,Jalen Beeks,656222.0,CU,,,False,,2.2849,,,False
tjstats_10_pitcher_same,fit,Tarik Skubal,14,Jalen Beeks,656222.0,FF,57.0,6.593323027323068,True,,2.2849,53.18193330406643,3.8180666959335667,False
tjstats_10_pitcher_same,fit,Tarik Skubal,14,Jalen Beeks,656222.0,FS,,,False,,2.2849,,,False
tjstats_10_pitcher_same,fit,Tarik Skubal,14,Jalen Beeks,656222.0,SI,,,False,,2.2849,,,False
tjstats_10_pitcher_same,fit,Tarik Skubal,14,Jalen Beeks,656222.0,SL,,,False,,2.2849,,,False
tjstats_10_pitcher_same,fit,Tarik Skubal,15,Garrett Crochet,676979.0,CH,59.0,4.804893958096288,True,,2.2849,63.11755912124286,4.117559121242863,False
tjstats_10_pitcher_same,fit,Tarik Skubal,15,Garrett Crochet,676979.0,CU,,,False,,2.2849,,,False
tjstats_10_pitcher_same,fit,Tarik Skubal,15,Garrett Crochet,676979.0,FF,51.0,6.63835538378885,True,,2.2849,52.953063643581075,1.9530636435810749,False
tjstats_10_pitcher_same,fit,Tarik Skubal,15,Garrett Crochet,676979.0,FS,13.0,,False,"site matched, ours not",2.2849,,,False
tjstats_10_pitcher_same,fit,Tarik Skubal,15,Garrett Crochet,676979.0,SI,40.0,9.613251768028423,True,,2.2849,39.82504902981401,0.17495097018598926,False
tjstats_10_pitcher_same,fit,Tarik Skubal,15,Garrett Crochet,676979.0,SL,,,False,,2.2849,,,False
tjstats_10_pitcher_same,fit,Tarik Skubal,16,Parker Messick,800048.0,CH,56.0,5.697955375301606,True,,2.2849,57.943552729069395,1.9435527290693955,False
tjstats_10_pitcher_same,fit,Tarik Skubal,16,Parker Messick,800048.0,CU,22.0,12.339787054492538,True,,2.2849,30.672672816147127,8.672672816147127,False
tjstats_10_pitcher_same,fit,Tarik Skubal,16,Parker Messick,800048.0,FF,38.0,11.198382869774818,True,,2.2849,34.215745795522785,3.7842542044772145,False
tjstats_10_pitcher_same,fit,Tarik Skubal,16,Parker Messick,800048.0,FS,,,False,,2.2849,,,False
tjstats_10_pitcher_same,fit,Tarik Skubal,16,Parker Messick,800048.0,SI,30.0,13.23164539600366,True,,2.2849,28.161552033301586,1.8384479666984141,False
tjstats_10_pitcher_same,fit,Tarik Skubal,16,Parker Messick,800048.0,SL,47.0,7.164590149922201,True,,2.2849,50.35045800860628,3.3504580086062816,False
tjstats_10_pitcher_same,fit,Tarik Skubal,17,Ryan Weathers,677960.0,CH,47.0,11.083802455927886,True,,2.2849,34.59328065228334,12.40671934771666,False
tjstats_10_pitcher_same,fit,Tarik Skubal,17,Ryan Weathers,677960.0,CU,,,False,,2.2849,,,False
tjstats_10_pitcher_same,fit,Tarik Skubal,17,Ryan Weathers,677960.0,FF,38.0,8.939234612800071,True,,2.2849,42.48060503959255,4.480605039592547,False
tjstats_10_pitcher_same,fit,Tarik Skubal,17,Ryan Weathers,677960.0,FS,,,False,,2.2849,,,False
tjstats_10_pitcher_same,fit,Tarik Skubal,17,Ryan Weathers,677960.0,SI,36.0,13.546906898134717,True,,2.2849,27.323977815098992,8.676022184901008,False
tjstats_10_pitcher_same,fit,Tarik Skubal,17,Ryan Weathers,677960.0,SL,61.0,10.158070027835516,True,,2.2849,37.80034035620925,23.199659643790753,False
tjstats_10_pitcher_same,fit,Tarik Skubal,18,Jacob Latz,656641.0,CH,70.0,3.423411676430283,True,,2.2849,72.04604498991263,2.0460449899126303,False
tjstats_10_pitcher_same,fit,Tarik Skubal,18,Jacob Latz,656641.0,CU,51.0,4.404308917238897,True,,2.2849,65.58608637199193,14.586086371991925,False
tjstats_10_pitcher_same,fit,Tarik Skubal,18,Jacob Latz,656641.0,FF,42.0,5.693467203910698,True,,2.2849,57.968464436997266,15.968464436997266,False
tjstats_10_pitcher_same,fit,Tarik Skubal,18,Jacob Latz,656641.0,FS,,,False,,2.2849,,,False
tjstats_10_pitcher_same,fit,Tarik Skubal,18,Jacob Latz,656641.0,SI,,,False,,2.2849,,,False
tjstats_10_pitcher_same,fit,Tarik Skubal,18,Jacob Latz,656641.0,SL,34.0,10.92296782327481,True,,2.2849,35.130258066296186,1.1302580662961859,False
tjstats_10_pitcher_same,fit,Tarik Skubal,19,Matt Gage,657424.0,CH,39.0,13.928374651990916,True,,2.2849,26.34374704962691,12.65625295037309,False
tjstats_10_pitcher_same,fit,Tarik Skubal,19,Matt Gage,657424.0,CU,,,False,,2.2849,,,False
tjstats_10_pitcher_same,fit,Tarik Skubal,19,Matt Gage,657424.0,FF,31.0,11.572109738055754,True,,2.2849,33.01274221983692,2.012742219836923,False
tjstats_10_pitcher_same,fit,Tarik Skubal,19,Matt Gage,657424.0,FS,,,False,,2.2849,,,False
tjstats_10_pitcher_same,fit,Tarik Skubal,19,Matt Gage,657424.0,SI,55.0,5.641071649924535,True,,2.2849,58.26008083463253,3.2600808346325323,False
tjstats_10_pitcher_same,fit,Tarik Skubal,19,Matt Gage,657424.0,SL,40.0,8.649405513762108,True,,2.2849,43.676270428354314,3.6762704283543144,False
tjstats_10_pitcher_same,fit,Tarik Skubal,20,Wade Miley,489119.0,CH,70.0,2.74668608709602,True,,2.2849,76.87005136656204,6.870051366562038,False
tjstats_10_pitcher_same,fit,Tarik Skubal,20,Wade Miley,489119.0,CU,,,False,,2.2849,,,False
tjstats_10_pitcher_same,fit,Tarik Skubal,20,Wade Miley,489119.0,FF,33.0,7.19838838096087,True,,2.2849,50.18774198970117,17.187741989701173,False
tjstats_10_pitcher_same,fit,Tarik Skubal,20,Wade Miley,489119.0,FS,,,False,,2.2849,,,False
tjstats_10_pitcher_same,fit,Tarik Skubal,20,Wade Miley,489119.0,SI,33.0,9.421786100952573,True,,2.2849,40.5620545395586,7.562054539558602,False
tjstats_10_pitcher_same,fit,Tarik Skubal,20,Wade Miley,489119.0,SL,,,False,,2.2849,,,False
tjstats_10_pitcher_both,fit,Tarik Skubal,1,Adrian Morejon,670970.0,CH,70.0,6.877136669801663,True,,2.3738,54.32290773474152,15.67709226525848,False
tjstats_10_pitcher_both,fit,Tarik Skubal,1,Adrian Morejon,670970.0,CU,,,False,,2.3738,,,False
tjstats_10_pitcher_both,fit,Tarik Skubal,1,Adrian Morejon,670970.0,FF,86.0,5.918877359797338,True,,2.3738,59.143965619227025,26.856034380772975,False
tjstats_10_pitcher_both,fit,Tarik Skubal,1,Adrian Morejon,670970.0,FS,,,False,,2.3738,,,False
tjstats_10_pitcher_both,fit,Tarik Skubal,1,Adrian Morejon,670970.0,SI,73.0,4.397911372516451,True,,2.3738,67.6896563519228,5.310343648077193,False
tjstats_10_pitcher_both,fit,Tarik Skubal,1,Adrian Morejon,670970.0,SL,39.0,19.120384442006177,True,,2.3738,18.330648512633896,20.669351487366104,False
tjstats_10_pitcher_both,fit,Tarik Skubal,2,Matthew Liberatore,669461.0,CH,80.0,6.29787698704352,True,,2.3738,57.18805553169686,22.81194446830314,False
tjstats_10_pitcher_both,fit,Tarik Skubal,2,Matthew Liberatore,669461.0,CU,10.0,25.806018442582058,True,,2.3738,10.128393724451582,0.12839372445158226,False
tjstats_10_pitcher_both,fit,Tarik Skubal,2,Matthew Liberatore,669461.0,FF,49.0,15.533173363223902,True,,2.3738,25.200805071248677,23.799194928751323,False
tjstats_10_pitcher_both,fit,Tarik Skubal,2,Matthew Liberatore,669461.0,FS,,,False,,2.3738,,,False
tjstats_10_pitcher_both,fit,Tarik Skubal,2,Matthew Liberatore,669461.0,SI,67.0,11.728022882186494,True,,2.3738,35.322342882041276,31.677657117958724,False
tjstats_10_pitcher_both,fit,Tarik Skubal,2,Matthew Liberatore,669461.0,SL,48.0,15.574178699721696,True,,2.3738,25.10927860429345,22.89072139570655,False
tjstats_10_pitcher_both,fit,Tarik Skubal,3,Brock Burke,656271.0,CH,78.0,2.610872522938169,True,,2.3738,79.32088447494557,1.3208844749455722,False
tjstats_10_pitcher_both,fit,Tarik Skubal,3,Brock Burke,656271.0,CU,,,False,,2.3738,,,False
tjstats_10_pitcher_both,fit,Tarik Skubal,3,Brock Burke,656271.0,FF,55.0,5.4556344340084815,True,,2.3738,61.625711539803376,6.625711539803376,False
tjstats_10_pitcher_both,fit,Tarik Skubal,3,Brock Burke,656271.0,FS,,,False,,2.3738,,,False
tjstats_10_pitcher_both,fit,Tarik Skubal,3,Brock Burke,656271.0,SI,43.0,9.561138557427949,True,,2.3738,42.81071162645304,0.18928837354695816,False
tjstats_10_pitcher_both,fit,Tarik Skubal,3,Brock Burke,656271.0,SL,53.0,4.232580376655186,True,,2.3738,68.68999680604996,15.689996806049962,False
tjstats_10_pitcher_both,fit,Tarik Skubal,4,Max Fried,608331.0,CH,68.0,3.4577215757707727,True,,2.3738,73.57892117192324,5.578921171923241,False
tjstats_10_pitcher_both,fit,Tarik Skubal,4,Max Fried,608331.0,CU,11.0,21.741419519768936,True,,2.3738,14.526927010868087,3.5269270108680875,False
tjstats_10_pitcher_both,fit,Tarik Skubal,4,Max Fried,608331.0,FF,80.0,2.552497428755218,True,,2.3738,79.73281326965977,0.267186730340228,False
tjstats_10_pitcher_both,fit,Tarik Skubal,4,Max Fried,608331.0,FS,,,False,,2.3738,,,False
tjstats_10_pitcher_both,fit,Tarik Skubal,4,Max Fried,608331.0,SI,24.0,17.327726681169512,True,,2.3738,21.49114720869533,2.508852791304669,False
tjstats_10_pitcher_both,fit,Tarik Skubal,4,Max Fried,608331.0,SL,39.0,12.209971127798134,True,,2.3738,33.84364794805589,5.156352051944111,False
tjstats_10_pitcher_both,fit,Tarik Skubal,5,Easton Lucas,687922.0,CH,93.0,4.640756633937234,True,,2.3738,66.24666754593818,26.75333245406182,False
tjstats_10_pitcher_both,fit,Tarik Skubal,5,Easton Lucas,687922.0,CU,,,False,,2.3738,,,False
tjstats_10_pitcher_both,fit,Tarik Skubal,5,Easton Lucas,687922.0,FF,62.0,5.562286188525353,True,,2.3738,61.04527016548911,0.9547298345108928,False
tjstats_10_pitcher_both,fit,Tarik Skubal,5,Easton Lucas,687922.0,FS,,,False,,2.3738,,,False
tjstats_10_pitcher_both,fit,Tarik Skubal,5,Easton Lucas,687922.0,SI,,,False,,2.3738,,,False
tjstats_10_pitcher_both,fit,Tarik Skubal,5,Easton Lucas,687922.0,SL,61.0,6.01504599879943,True,,2.3738,58.64142171819765,2.3585782818023517,False
tjstats_10_pitcher_both,fit,Tarik Skubal,6,Jordan Wicks,696136.0,CH,55.0,6.097894060515072,True,,2.3738,58.21191173759917,3.2119117375991735,False
tjstats_10_pitcher_both,fit,Tarik Skubal,6,Jordan Wicks,696136.0,CU,,,False,,2.3738,,,False
tjstats_10_pitcher_both,fit,Tarik Skubal,6,Jordan Wicks,696136.0,FF,65.0,3.2522146248187522,True,,2.3738,74.93294842235211,9.932948422352112,False
tjstats_10_pitcher_both,fit,Tarik Skubal,6,Jordan Wicks,696136.0,FS,,,False,,2.3738,,,False
tjstats_10_pitcher_both,fit,Tarik Skubal,6,Jordan Wicks,696136.0,SI,49.0,11.656747153162529,True,,2.3738,35.546445528987405,13.453554471012595,False
tjstats_10_pitcher_both,fit,Tarik Skubal,6,Jordan Wicks,696136.0,SL,57.0,10.03182301456637,True,,2.3738,41.05954897823339,15.940451021766613,False
tjstats_10_pitcher_both,fit,Tarik Skubal,7,Dietrich Enns,608650.0,CH,52.0,11.672238565438478,True,,2.3738,35.497617354107696,16.502382645892304,False
tjstats_10_pitcher_both,fit,Tarik Skubal,7,Dietrich Enns,608650.0,CU,45.0,6.505681399956792,True,,2.3738,56.14322938629077,11.14322938629077,False
tjstats_10_pitcher_both,fit,Tarik Skubal,7,Dietrich Enns,608650.0,FF,61.0,6.358961578907705,True,,2.3738,56.87892470502046,4.121075294979541,False
tjstats_10_pitcher_both,fit,Tarik Skubal,7,Dietrich Enns,608650.0,FS,,,False,,2.3738,,,False
tjstats_10_pitcher_both,fit,Tarik Skubal,7,Dietrich Enns,608650.0,SI,55.0,5.440322694886841,True,,2.3738,61.70949596234184,6.70949596234184,False
tjstats_10_pitcher_both,fit,Tarik Skubal,7,Dietrich Enns,608650.0,SL,,,False,,2.3738,,,False
tjstats_10_pitcher_both,fit,Tarik Skubal,8,Eduardo Rodriguez,593958.0,CH,80.0,3.635735047468261,True,,2.3738,72.4258327936951,7.574167206304907,False
tjstats_10_pitcher_both,fit,Tarik Skubal,8,Eduardo Rodriguez,593958.0,CU,72.0,2.4382251619162716,True,,2.3738,80.54538805062748,8.54538805062748,False
tjstats_10_pitcher_both,fit,Tarik Skubal,8,Eduardo Rodriguez,593958.0,FF,28.0,9.613117072356461,True,,2.3738,42.613715842451306,14.613715842451306,False
tjstats_10_pitcher_both,fit,Tarik Skubal,8,Eduardo Rodriguez,593958.0,FS,,,False,,2.3738,,,False
tjstats_10_pitcher_both,fit,Tarik Skubal,8,Eduardo Rodriguez,593958.0,SI,35.0,10.725661696316914,True,,2.3738,38.60792332771972,3.6079233277197176,False
tjstats_10_pitcher_both,fit,Tarik Skubal,8,Eduardo Rodriguez,593958.0,SL,35.0,8.646049868576554,True,,2.3738,46.43187895140825,11.431878951408251,False
tjstats_10_pitcher_both,fit,Tarik Skubal,9,Jared Koenig,657649.0,CH,51.0,8.732918000208686,True,,2.3738,46.07535739417242,4.924642605827579,False
tjstats_10_pitcher_both,fit,Tarik Skubal,9,Jared Koenig,657649.0,CU,19.0,24.320761915646674,True,,2.3738,11.555170181907263,7.444829818092737,False
tjstats_10_pitcher_both,fit,Tarik Skubal,9,Jared Koenig,657649.0,FF,58.0,4.176332423856158,True,,2.3738,69.03368625905142,11.033686259051422,False
tjstats_10_pitcher_both,fit,Tarik Skubal,9,Jared Koenig,657649.0,FS,,,False,,2.3738,,,False
tjstats_10_pitcher_both,fit,Tarik Skubal,9,Jared Koenig,657649.0,SI,56.0,5.357058415328138,True,,2.3738,62.16710838222526,6.167108382225258,False
tjstats_10_pitcher_both,fit,Tarik Skubal,9,Jared Koenig,657649.0,SL,,,False,,2.3738,,,False
tjstats_10_pitcher_both,fit,Tarik Skubal,10,Grant Wolfram,664991.0,CH,,,False,,2.3738,,,False
tjstats_10_pitcher_both,fit,Tarik Skubal,10,Grant Wolfram,664991.0,CU,65.0,4.0421491004050525,True,,2.3738,69.86054128054111,4.8605412805411135,False
tjstats_10_pitcher_both,fit,Tarik Skubal,10,Grant Wolfram,664991.0,FF,60.0,4.6154742132694215,True,,2.3738,66.3954499853795,6.3954499853795,False
tjstats_10_pitcher_both,fit,Tarik Skubal,10,Grant Wolfram,664991.0,FS,,,False,,2.3738,,,False
tjstats_10_pitcher_both,fit,Tarik Skubal,10,Grant Wolfram,664991.0,SI,81.0,1.8550625276172172,True,,2.3738,84.82295617624528,3.8229561762452846,False
tjstats_10_pitcher_both,fit,Tarik Skubal,10,Grant Wolfram,664991.0,SL,56.0,5.294664222672097,True,,2.3738,62.51224366145266,6.512243661452658,False
tjstats_10_pitcher_both,fit,Tarik Skubal,11,Blake Snell,605483.0,CH,55.0,4.084436774811246,True,,2.3738,69.59889596810464,14.598895968104642,False
tjstats_10_pitcher_both,fit,Tarik Skubal,11,Blake Snell,605483.0,CU,43.0,9.980957831311272,True,,2.3738,41.24528535914353,1.75471464085647,False
tjstats_10_pitcher_both,fit,Tarik Skubal,11,Blake Snell,605483.0,FF,63.0,4.015301764808625,True,,2.3738,70.02716325926136,7.027163259261357,False
tjstats_10_pitcher_both,fit,Tarik Skubal,11,Blake Snell,605483.0,FS,,,False,,2.3738,,,False
tjstats_10_pitcher_both,fit,Tarik Skubal,11,Blake Snell,605483.0,SI,,,False,,2.3738,,,False
tjstats_10_pitcher_both,fit,Tarik Skubal,11,Blake Snell,605483.0,SL,60.0,6.145986376700952,True,,2.3738,57.96403087587723,2.035969124122772,False
tjstats_10_pitcher_both,fit,Tarik Skubal,12,Reid Detmers,672282.0,CH,,,False,,2.3738,,,False
tjstats_10_pitcher_both,fit,Tarik Skubal,12,Reid Detmers,672282.0,CU,8.0,18.748148124928612,True,,2.3738,18.94620839348754,10.946208393487542,False
tjstats_10_pitcher_both,fit,Tarik Skubal,12,Reid Detmers,672282.0,FF,66.0,5.91909099644185,True,,2.3738,59.142844468957115,6.857155531042885,False
tjstats_10_pitcher_both,fit,Tarik Skubal,12,Reid Detmers,672282.0,FS,,,False,,2.3738,,,False
tjstats_10_pitcher_both,fit,Tarik Skubal,12,Reid Detmers,672282.0,SI,81.0,4.097132583951049,True,,2.3738,69.52053498260616,11.479465017393835,False
tjstats_10_pitcher_both,fit,Tarik Skubal,12,Reid Detmers,672282.0,SL,37.0,8.68645745366878,True,,2.3738,46.265697492113745,9.265697492113745,False
tjstats_10_pitcher_both,fit,Tarik Skubal,13,Bennett Sousa,656986.0,CH,,,False,,2.3738,,,False
tjstats_10_pitcher_both,fit,Tarik Skubal,13,Bennett Sousa,656986.0,CU,,,False,,2.3738,,,False
tjstats_10_pitcher_both,fit,Tarik Skubal,13,Bennett Sousa,656986.0,FF,80.0,4.310405397190932,True,,2.3738,68.21728567827576,11.782714321724242,False
tjstats_10_pitcher_both,fit,Tarik Skubal,13,Bennett Sousa,656986.0,FS,,,False,,2.3738,,,False
tjstats_10_pitcher_both,fit,Tarik Skubal,13,Bennett Sousa,656986.0,SI,63.0,7.365551210676328,True,,2.3738,52.018939037715526,10.981060962284474,False
tjstats_10_pitcher_both,fit,Tarik Skubal,13,Bennett Sousa,656986.0,SL,40.0,12.756811757820405,True,,2.3738,32.24067649005864,7.75932350994136,False
tjstats_10_pitcher_both,fit,Tarik Skubal,14,Jalen Beeks,656222.0,CH,85.0,4.879775487577226,True,,2.3738,64.85645667795798,20.14354332204202,False
tjstats_10_pitcher_both,fit,Tarik Skubal,14,Jalen Beeks,656222.0,CU,,,False,,2.3738,,,False
tjstats_10_pitcher_both,fit,Tarik Skubal,14,Jalen Beeks,656222.0,FF,57.0,6.860027469430303,True,,2.3738,54.405440077945,2.594559922054998,False
tjstats_10_pitcher_both,fit,Tarik Skubal,14,Jalen Beeks,656222.0,FS,,,False,,2.3738,,,False
tjstats_10_pitcher_both,fit,Tarik Skubal,14,Jalen Beeks,656222.0,SI,,,False,,2.3738,,,False
tjstats_10_pitcher_both,fit,Tarik Skubal,14,Jalen Beeks,656222.0,SL,,,False,,2.3738,,,False
tjstats_10_pitcher_both,fit,Tarik Skubal,15,Garrett Crochet,676979.0,CH,59.0,4.963432039040512,True,,2.3738,64.37680713605207,5.376807136052065,False
tjstats_10_pitcher_both,fit,Tarik Skubal,15,Garrett Crochet,676979.0,CU,,,False,,2.3738,,,False
tjstats_10_pitcher_both,fit,Tarik Skubal,15,Garrett Crochet,676979.0,FF,51.0,7.588792841488742,True,,2.3738,50.99864789543748,0.0013521045625211059,False
tjstats_10_pitcher_both,fit,Tarik Skubal,15,Garrett Crochet,676979.0,FS,13.0,,False,"site matched, ours not",2.3738,,,False
tjstats_10_pitcher_both,fit,Tarik Skubal,15,Garrett Crochet,676979.0,SI,40.0,10.166492551676349,True,,2.3738,40.57182616538055,0.5718261653805499,False
tjstats_10_pitcher_both,fit,Tarik Skubal,15,Garrett Crochet,676979.0,SL,,,False,,2.3738,,,False
tjstats_10_pitcher_both,fit,Tarik Skubal,16,Parker Messick,800048.0,CH,56.0,5.8970011157332705,True,,2.3738,59.25888321545683,3.2588832154568266,False
tjstats_10_pitcher_both,fit,Tarik Skubal,16,Parker Messick,800048.0,CU,22.0,11.770530310572047,True,,2.3738,35.189365642718414,13.189365642718414,False
tjstats_10_pitcher_both,fit,Tarik Skubal,16,Parker Messick,800048.0,FF,38.0,11.34009883921685,True,,2.3738,36.55935485577926,1.4406451442207384,False
tjstats_10_pitcher_both,fit,Tarik Skubal,16,Parker Messick,800048.0,FS,,,False,,2.3738,,,False
tjstats_10_pitcher_both,fit,Tarik Skubal,16,Parker Messick,800048.0,SI,30.0,14.144562980671,True,,2.3738,28.505314353324117,1.494685646675883,False
tjstats_10_pitcher_both,fit,Tarik Skubal,16,Parker Messick,800048.0,SL,47.0,7.125093690198324,True,,2.3738,53.140758512969775,6.140758512969775,False
tjstats_10_pitcher_both,fit,Tarik Skubal,17,Ryan Weathers,677960.0,CH,47.0,12.41241599679435,True,,2.3738,33.24112882885494,13.75887117114506,False
tjstats_10_pitcher_both,fit,Tarik Skubal,17,Ryan Weathers,677960.0,CU,,,False,,2.3738,,,False
tjstats_10_pitcher_both,fit,Tarik Skubal,17,Ryan Weathers,677960.0,FF,38.0,10.615685353900325,True,,2.3738,38.98652123745317,0.986521237453168,False
tjstats_10_pitcher_both,fit,Tarik Skubal,17,Ryan Weathers,677960.0,FS,,,False,,2.3738,,,False
tjstats_10_pitcher_both,fit,Tarik Skubal,17,Ryan Weathers,677960.0,SI,36.0,15.931075204442262,True,,2.3738,24.32657063046832,11.673429369531679,False
tjstats_10_pitcher_both,fit,Tarik Skubal,17,Ryan Weathers,677960.0,SL,61.0,9.782760543927344,True,,2.3738,41.97706147267601,19.022938527323987,False
tjstats_10_pitcher_both,fit,Tarik Skubal,18,Jacob Latz,656641.0,CH,70.0,3.316243286591003,True,,2.3738,74.50843064563422,4.5084306456342205,False
tjstats_10_pitcher_both,fit,Tarik Skubal,18,Jacob Latz,656641.0,CU,51.0,5.121592967921258,True,,2.3738,63.47965412959237,12.479654129592369,False
tjstats_10_pitcher_both,fit,Tarik Skubal,18,Jacob Latz,656641.0,FF,42.0,5.967353063777913,True,,2.3738,58.890112429387386,16.890112429387386,False
tjstats_10_pitcher_both,fit,Tarik Skubal,18,Jacob Latz,656641.0,FS,,,False,,2.3738,,,False
tjstats_10_pitcher_both,fit,Tarik Skubal,18,Jacob Latz,656641.0,SI,,,False,,2.3738,,,False
tjstats_10_pitcher_both,fit,Tarik Skubal,18,Jacob Latz,656641.0,SL,34.0,10.623993293884643,True,,2.3738,38.95779164128697,4.957791641286967,False
tjstats_10_pitcher_both,fit,Tarik Skubal,19,Matt Gage,657424.0,CH,39.0,13.80316662275404,True,,2.3738,29.382034716004913,9.617965283995087,False
tjstats_10_pitcher_both,fit,Tarik Skubal,19,Matt Gage,657424.0,CU,,,False,,2.3738,,,False
tjstats_10_pitcher_both,fit,Tarik Skubal,19,Matt Gage,657424.0,FF,31.0,11.512565762079204,True,,2.3738,36.004132120868555,5.0041321208685545,False
tjstats_10_pitcher_both,fit,Tarik Skubal,19,Matt Gage,657424.0,FS,,,False,,2.3738,,,False
tjstats_10_pitcher_both,fit,Tarik Skubal,19,Matt Gage,657424.0,SI,55.0,6.418161668984978,True,,2.3738,56.580925344712455,1.5809253447124547,False
tjstats_10_pitcher_both,fit,Tarik Skubal,19,Matt Gage,657424.0,SL,40.0,8.784456597461343,True,,2.3738,45.865129473890285,5.865129473890285,False
tjstats_10_pitcher_both,fit,Tarik Skubal,20,Wade Miley,489119.0,CH,70.0,2.734974363483393,True,,2.3738,78.45220706613867,8.45220706613867,False
tjstats_10_pitcher_both,fit,Tarik Skubal,20,Wade Miley,489119.0,CU,,,False,,2.3738,,,False
tjstats_10_pitcher_both,fit,Tarik Skubal,20,Wade Miley,489119.0,FF,33.0,6.929878934448923,True,,2.3738,54.069273603905266,21.069273603905266,False
tjstats_10_pitcher_both,fit,Tarik Skubal,20,Wade Miley,489119.0,FS,,,False,,2.3738,,,False
tjstats_10_pitcher_both,fit,Tarik Skubal,20,Wade Miley,489119.0,SI,33.0,11.4764207751164,True,,2.3738,36.11979095210212,3.1197909521021217,False
tjstats_10_pitcher_both,fit,Tarik Skubal,20,Wade Miley,489119.0,SL,,,False,,2.3738,,,False
tjstats_6_pitcher_both,holdout,Zack Wheeler,2,Spencer Arrighetti,681293.0,CU,60.0,3.363240029382983,True,,1.7444,57.5433507458875,2.4566492541124987,True
tjstats_6_pitcher_both,holdout,Zack Wheeler,2,Spencer Arrighetti,681293.0,FC,40.0,5.440179951735283,True,,1.7444,40.90554816132254,0.9055481613225425,True
tjstats_6_pitcher_both,holdout,Zack Wheeler,2,Spencer Arrighetti,681293.0,FF,68.0,2.245537813868485,True,,1.7444,69.14419445420857,1.1441944542085736,True
tjstats_6_pitcher_both,holdout,Zack Wheeler,2,Spencer Arrighetti,681293.0,FS,,,False,,1.7444,,,True
tjstats_6_pitcher_both,holdout,Zack Wheeler,2,Spencer Arrighetti,681293.0,SI,74.0,1.755475332930961,True,,1.7444,74.94232618020625,0.9423261802062513,True
tjstats_6_pitcher_both,holdout,Zack Wheeler,2,Spencer Arrighetti,681293.0,ST,63.0,2.8216791849606655,True,,1.7444,62.898687087042035,0.1013129129579653,True
tjstats_6_pitcher_both,holdout,Zack Wheeler,3,Yu Darvish,506433.0,CU,12.0,15.124869426054623,True,,1.7444,8.33050117957085,3.6694988204291494,True
tjstats_6_pitcher_both,holdout,Zack Wheeler,3,Yu Darvish,506433.0,FC,55.0,3.047100762754312,True,,1.7444,60.61152700370553,5.6115270037055325,True
tjstats_6_pitcher_both,holdout,Zack Wheeler,3,Yu Darvish,506433.0,FF,57.0,3.0702000983131166,True,,1.7444,60.38190757922054,3.381907579220538,True
tjstats_6_pitcher_both,holdout,Zack Wheeler,3,Yu Darvish,506433.0,FS,21.0,9.464022252830034,True,,1.7444,21.117183394751564,0.1171833947515637,True
tjstats_6_pitcher_both,holdout,Zack Wheeler,3,Yu Darvish,506433.0,SI,60.0,2.6836778013206093,True,,1.7444,64.34125459587382,4.341254595873821,True
tjstats_6_pitcher_both,holdout,Zack Wheeler,3,Yu Darvish,506433.0,ST,68.0,2.008808629303522,True,,1.7444,71.8867749999662,3.8867749999662067,True
tjstats_6_pitcher_both,holdout,Zack Wheeler,4,Yoendrys Gómez,672782.0,CU,64.0,2.6054118980424246,True,,1.7444,65.17404467420339,1.1740446742033868,True
tjstats_6_pitcher_both,holdout,Zack Wheeler,4,Yoendrys Gómez,672782.0,FC,58.0,3.5672359259157767,True,,1.7444,55.64648732260382,2.353512677396182,True
tjstats_6_pitcher_both,holdout,Zack Wheeler,4,Yoendrys Gómez,672782.0,FF,47.0,4.377971589294102,True,,1.7444,48.70602450295766,1.7060245029576606,True
tjstats_6_pitcher_both,holdout,Zack Wheeler,4,Yoendrys Gómez,672782.0,FS,,,False,,1.7444,,,True
tjstats_6_pitcher_both,holdout,Zack Wheeler,4,Yoendrys Gómez,672782.0,SI,57.0,3.0848343517292847,True,,1.7444,60.23688581156874,3.2368858115687402,True
tjstats_6_pitcher_both,holdout,Zack Wheeler,4,Yoendrys Gómez,672782.0,ST,70.0,2.3250779759598488,True,,1.7444,68.24638310380746,1.7536168961925398,True
tjstats_6_pitcher_both,holdout,Zack Wheeler,5,Nathan Eovaldi,543135.0,CU,42.0,5.28390162478533,True,,1.7444,41.96956096828636,0.03043903171364093,True
tjstats_6_pitcher_both,holdout,Zack Wheeler,5,Nathan Eovaldi,543135.0,FC,70.0,2.1660168812702114,True,,1.7444,70.05359556135325,0.053595561353247945,True
tjstats_6_pitcher_both,holdout,Zack Wheeler,5,Nathan Eovaldi,543135.0,FF,56.0,3.2033070159685497,True,,1.7444,59.07560247010929,3.0756024701092883,True
tjstats_6_pitcher_both,holdout,Zack Wheeler,5,Nathan Eovaldi,543135.0,FS,52.0,3.734168915917638,True,,1.7444,54.140868204645486,2.1408682046454857,True
tjstats_6_pitcher_both,holdout,Zack Wheeler,5,Nathan Eovaldi,543135.0,SI,67.0,2.2742673819178636,True,,1.7444,68.8185542779854,1.818554277985399,True
tjstats_6_pitcher_both,holdout,Zack Wheeler,5,Nathan Eovaldi,543135.0,ST,,,False,,1.7444,,,True
tjstats_6_pitcher_both,holdout,Zack Wheeler,6,Colin Rea,607067.0,CU,48.0,4.463586964314133,True,,1.7444,48.025629574552184,0.025629574552183954,True
tjstats_6_pitcher_both,holdout,Zack Wheeler,6,Colin Rea,607067.0,FC,40.0,5.373647653903703,True,,1.7444,41.35519201703325,1.3551920170332465,True
tjstats_6_pitcher_both,holdout,Zack Wheeler,6,Colin Rea,607067.0,FF,50.0,4.041615222117526,True,,1.7444,51.47371074809419,1.4737107480941916,True
tjstats_6_pitcher_both,holdout,Zack Wheeler,6,Colin Rea,607067.0,FS,36.0,,False,"site matched, ours not",1.7444,,,True
tjstats_6_pitcher_both,holdout,Zack Wheeler,6,Colin Rea,607067.0,SI,41.0,5.259519800064046,True,,1.7444,42.138041113431576,1.1380411134315764,True
tjstats_6_pitcher_both,holdout,Zack Wheeler,6,Colin Rea,607067.0,ST,63.0,2.6056702025993936,True,,1.7444,65.17127852645193,2.1712785264519283,True
tjstats_6_pitcher_both,holdout,Zack Wheeler,7,Zack Kelly,677161.0,CU,,,False,,1.7444,,,True
tjstats_6_pitcher_both,holdout,Zack Wheeler,7,Zack Kelly,677161.0,FC,65.0,3.1263369696619527,True,,1.7444,59.82749710782106,5.17250289217894,True
tjstats_6_pitcher_both,holdout,Zack Wheeler,7,Zack Kelly,677161.0,FF,60.0,3.1155654256355025,True,,1.7444,59.93348128574338,0.06651871425661682,True
tjstats_6_pitcher_both,holdout,Zack Wheeler,7,Zack Kelly,677161.0,FS,,,False,,1.7444,,,True
tjstats_6_pitcher_both,holdout,Zack Wheeler,7,Zack Kelly,677161.0,SI,54.0,3.8549531822081233,True,,1.7444,53.076943478750785,0.9230565212492152,True
tjstats_6_pitcher_both,holdout,Zack Wheeler,7,Zack Kelly,677161.0,ST,54.0,3.5904323128678017,True,,1.7444,55.43479332225583,1.4347933222558282,True
tjstats_6_pitcher_both,holdout,Zack Wheeler,8,Dustin May,669160.0,CU,,,False,,1.7444,,,True
tjstats_6_pitcher_both,holdout,Zack Wheeler,8,Dustin May,669160.0,FC,64.0,2.6431592638184083,True,,1.7444,64.77105583430561,0.7710558343056135,True
tjstats_6_pitcher_both,holdout,Zack Wheeler,8,Dustin May,669160.0,FF,62.0,2.81690551319784,True,,1.7444,62.94804335585692,0.9480433558569175,True
tjstats_6_pitcher_both,holdout,Zack Wheeler,8,Dustin May,669160.0,FS,,,False,,1.7444,,,True
tjstats_6_pitcher_both,holdout,Zack Wheeler,8,Dustin May,669160.0,SI,61.0,2.960668824393882,True,,1.7444,61.478478738485386,0.4784787384853857,True
tjstats_6_pitcher_both,holdout,Zack Wheeler,8,Dustin May,669160.0,ST,39.0,5.64546618848116,True,,1.7444,39.54874842131627,0.5487484213162688,True
tjstats_6_pitcher_both,holdout,Zack Wheeler,9,Pablo López,641154.0,CU,45.0,6.023909260941519,True,,1.7444,37.16435427754512,7.835645722454878,True
tjstats_6_pitcher_both,holdout,Zack Wheeler,9,Pablo López,641154.0,FC,,,False,,1.7444,,,True
tjstats_6_pitcher_both,holdout,Zack Wheeler,9,Pablo López,641154.0,FF,57.0,3.152794800266404,True,,1.7444,59.56796611682446,2.567966116824458,True
tjstats_6_pitcher_both,holdout,Zack Wheeler,9,Pablo López,641154.0,FS,,,False,,1.7444,,,True
tjstats_6_pitcher_both,holdout,Zack Wheeler,9,Pablo López,641154.0,SI,56.0,3.433776815918787,True,,1.7444,56.88025796161499,0.880257961614987,True
tjstats_6_pitcher_both,holdout,Zack Wheeler,9,Pablo López,641154.0,ST,66.0,2.423114635332934,True,,1.7444,67.15581527769234,1.1558152776923407,True
tjstats_6_pitcher_both,holdout,Zack Wheeler,10,Mick Abel,690953.0,CU,71.0,1.7948381367422317,True,,1.7444,74.4591702529143,3.459170252914305,True
tjstats_6_pitcher_both,holdout,Zack Wheeler,10,Mick Abel,690953.0,FC,,,False,,1.7444,,,True
tjstats_6_pitcher_both,holdout,Zack Wheeler,10,Mick Abel,690953.0,FF,56.0,3.4604107133390714,True,,1.7444,56.63187365004363,0.6318736500436302,True
tjstats_6_pitcher_both,holdout,Zack Wheeler,10,Mick Abel,690953.0,FS,,,False,,1.7444,,,True
tjstats_6_pitcher_both,holdout,Zack Wheeler,10,Mick Abel,690953.0,SI,48.0,4.315630522287081,True,,1.7444,49.207513060313836,1.2075130603138362,True
tjstats_6_pitcher_both,holdout,Zack Wheeler,10,Mick Abel,690953.0,ST,56.0,3.422561334619152,True,,1.7444,56.985177786678285,0.9851777866782854,True
tjstats_6_pitcher_both,holdout,Zack Wheeler,11,Johan Oviedo,670912.0,CU,27.0,8.151777287439499,True,,1.7444,26.198677589086326,0.8013224109136736,True
tjstats_6_pitcher_both,holdout,Zack Wheeler,11,Johan Oviedo,670912.0,FC,,,False,,1.7444,,,True
tjstats_6_pitcher_both,holdout,Zack Wheeler,11,Johan Oviedo,670912.0,FF,75.0,1.61407063223126,True,,1.7444,76.70399406965261,1.7039940696526088,True
tjstats_6_pitcher_both,holdout,Zack Wheeler,11,Johan Oviedo,670912.0,FS,,,False,,1.7444,,,True
tjstats_6_pitcher_both,holdout,Zack Wheeler,11,Johan Oviedo,670912.0,SI,74.0,1.8400603474614363,True,,1.7444,73.90793717122945,0.09206282877055116,True
tjstats_6_pitcher_both,holdout,Zack Wheeler,11,Johan Oviedo,670912.0,ST,,,False,,1.7444,,,True
tjstats_6_pitcher_both,holdout,Zack Wheeler,12,Cole Henry,669371.0,CU,,,False,,1.7444,,,True
tjstats_6_pitcher_both,holdout,Zack Wheeler,12,Cole Henry,669371.0,FC,31.0,6.6949533658958575,True,,1.7444,33.28434977113254,2.28434977113254,True
tjstats_6_pitcher_both,holdout,Zack Wheeler,12,Cole Henry,669371.0,FF,55.0,3.5358440490205405,True,,1.7444,55.934262578110804,0.934262578110804,True
tjstats_6_pitcher_both,holdout,Zack Wheeler,12,Cole Henry,669371.0,FS,,,False,,1.7444,,,True
tjstats_6_pitcher_both,holdout,Zack Wheeler,12,Cole Henry,669371.0,SI,75.0,1.6418676364644103,True,,1.7444,76.35444964127642,1.3544496412764175,True
tjstats_6_pitcher_both,holdout,Zack Wheeler,12,Cole Henry,669371.0,ST,54.0,3.589536952806745,True,,1.7444,55.442949561315636,1.4429495613156362,True
tjstats_6_pitcher_both,holdout,Zack Wheeler,13,Spencer Schwellenbach,680885.0,CU,57.0,3.0329537142223506,True,,1.7444,60.752586974685606,3.752586974685606,True
tjstats_6_pitcher_both,holdout,Zack Wheeler,13,Spencer Schwellenbach,680885.0,FC,60.0,3.122209302769353,True,,1.7444,59.86808818819933,0.1319118118006699,True
tjstats_6_pitcher_both,holdout,Zack Wheeler,13,Spencer Schwellenbach,680885.0,FF,49.0,4.094630620976769,True,,1.7444,51.027258400353425,2.027258400353425,True
tjstats_6_pitcher_both,holdout,Zack Wheeler,13,Spencer Schwellenbach,680885.0,FS,41.0,5.413769916689258,True,,1.7444,41.08344642504764,0.0834464250476401,True
tjstats_6_pitcher_both,holdout,Zack Wheeler,13,Spencer Schwellenbach,680885.0,SI,64.0,2.5924931203532884,True,,1.7444,65.3125399560401,1.3125399560400979,True
tjstats_6_pitcher_both,holdout,Zack Wheeler,13,Spencer Schwellenbach,680885.0,ST,,,False,,1.7444,,,True
tjstats_6_pitcher_both,holdout,Zack Wheeler,14,Nolan McLean,690997.0,CU,38.0,5.817233473289019,True,,1.7444,38.448130201592654,0.4481302015926545,True
tjstats_6_pitcher_both,holdout,Zack Wheeler,14,Nolan McLean,690997.0,FC,47.0,4.608860180275336,True,,1.7444,46.89280322768986,0.10719677231013947,True
tjstats_6_pitcher_both,holdout,Zack Wheeler,14,Nolan McLean,690997.0,FF,57.0,3.597810209010347,True,,1.7444,55.36763039794737,1.632369602052627,True
tjstats_6_pitcher_both,holdout,Zack Wheeler,14,Nolan McLean,690997.0,FS,,,False,,1.7444,,,True
tjstats_6_pitcher_both,holdout,Zack Wheeler,14,Nolan McLean,690997.0,SI,44.0,4.912253813094708,True,,1.7444,44.612407546952824,0.6124075469528236,True
tjstats_6_pitcher_both,holdout,Zack Wheeler,14,Nolan McLean,690997.0,ST,44.0,4.733916065526655,True,,1.7444,45.939054986273995,1.9390549862739945,True
tjstats_6_pitcher_both,holdout,Zack Wheeler,15,Adam Ottavino,493603.0,CU,,,False,,1.7444,,,True
tjstats_6_pitcher_both,holdout,Zack Wheeler,15,Adam Ottavino,493603.0,FC,,,False,,1.7444,,,True
tjstats_6_pitcher_both,holdout,Zack Wheeler,15,Adam Ottavino,493603.0,FF,64.0,2.7696753521011264,True,,1.7444,63.43846067722324,0.5615393227767598,True
tjstats_6_pitcher_both,holdout,Zack Wheeler,15,Adam Ottavino,493603.0,FS,,,False,,1.7444,,,True
tjstats_6_pitcher_both,holdout,Zack Wheeler,15,Adam Ottavino,493603.0,SI,71.0,2.027748058314744,True,,1.7444,71.66340845031839,0.6634084503183857,True
tjstats_6_pitcher_both,holdout,Zack Wheeler,15,Adam Ottavino,493603.0,ST,41.0,5.005675274439544,True,,1.7444,43.932811105899326,2.932811105899326,True
tjstats_6_pitcher_both,holdout,Zack Wheeler,16,Joe Ryan,657746.0,CU,,,False,,1.7444,,,True
tjstats_6_pitcher_both,holdout,Zack Wheeler,16,Joe Ryan,657746.0,FC,,,False,,1.7444,,,True
tjstats_6_pitcher_both,holdout,Zack Wheeler,16,Joe Ryan,657746.0,FF,53.0,3.7326798590602124,True,,1.7444,54.154116728031035,1.1541167280310347,True
tjstats_6_pitcher_both,holdout,Zack Wheeler,16,Joe Ryan,657746.0,FS,46.0,4.5587955809343965,True,,1.7444,47.28015214667005,1.2801521466700478,True
tjstats_6_pitcher_both,holdout,Zack Wheeler,16,Joe Ryan,657746.0,SI,60.0,2.92336790262759,True,,1.7444,61.85644420711981,1.8564442071198073,True
tjstats_6_pitcher_both,holdout,Zack Wheeler,16,Joe Ryan,657746.0,ST,55.0,3.5901976264157685,True,,1.7444,55.436931071069964,0.43693107106996365,True
tjstats_6_pitcher_both,holdout,Zack Wheeler,17,Troy Melton,675512.0,CU,51.0,5.358904985871273,True,,1.7444,41.45549413644077,9.54450586355923,True
tjstats_6_pitcher_both,holdout,Zack Wheeler,17,Troy Melton,675512.0,FC,43.0,4.95441299625187,True,,1.7444,44.30442769887928,1.3044276988792802,True
tjstats_6_pitcher_both,holdout,Zack Wheeler,17,Troy Melton,675512.0,FF,56.0,3.251372070297806,True,,1.7444,58.61087153347865,2.610871533478651,True
tjstats_6_pitcher_both,holdout,Zack Wheeler,17,Troy Melton,675512.0,FS,46.0,,False,"site matched, ours not",1.7444,,,True
tjstats_6_pitcher_both,holdout,Zack Wheeler,17,Troy Melton,675512.0,SI,48.0,4.4872615497489505,True,,1.7444,47.83916821420028,0.16083178579972213,True
tjstats_6_pitcher_both,holdout,Zack Wheeler,17,Troy Melton,675512.0,ST,,,False,,1.7444,,,True
tjstats_6_pitcher_both,holdout,Zack Wheeler,18,Didier Fuentes,800311.0,CU,83.0,1.6993104367312637,True,,1.7444,75.63715130913201,7.362848690867992,True
tjstats_6_pitcher_both,holdout,Zack Wheeler,18,Didier Fuentes,800311.0,FC,,,False,,1.7444,,,True
tjstats_6_pitcher_both,holdout,Zack Wheeler,18,Didier Fuentes,800311.0,FF,72.0,2.014482387631045,True,,1.7444,71.81978727095706,0.1802127290429354,True
tjstats_6_pitcher_both,holdout,Zack Wheeler,18,Didier Fuentes,800311.0,FS,,,False,,1.7444,,,True
tjstats_6_pitcher_both,holdout,Zack Wheeler,18,Didier Fuentes,800311.0,SI,,,False,,1.7444,,,True
tjstats_6_pitcher_both,holdout,Zack Wheeler,18,Didier Fuentes,800311.0,ST,38.0,5.53735482394122,True,,1.7444,40.25758338350427,2.2575833835042687,True
tjstats_6_pitcher_both,holdout,Zack Wheeler,19,Kumar Rocker,677958.0,CU,32.0,7.100674231154454,True,,1.7444,31.13775866951778,0.8622413304822203,True
tjstats_6_pitcher_both,holdout,Zack Wheeler,19,Kumar Rocker,677958.0,FC,39.0,6.072577806388392,True,,1.7444,36.868336740557275,2.1316632594427247,True
tjstats_6_pitcher_both,holdout,Zack Wheeler,19,Kumar Rocker,677958.0,FF,55.0,3.1382626796225153,True,,1.7444,59.71037537783972,4.710375377839718,True
tjstats_6_pitcher_both,holdout,Zack Wheeler,19,Kumar Rocker,677958.0,FS,,,False,,1.7444,,,True
tjstats_6_pitcher_both,holdout,Zack Wheeler,19,Kumar Rocker,677958.0,SI,73.0,1.5872528484723294,True,,1.7444,77.04274144405682,4.042741444056816,True
tjstats_6_pitcher_both,holdout,Zack Wheeler,19,Kumar Rocker,677958.0,ST,,,False,,1.7444,,,True
tjstats_6_pitcher_both,holdout,Zack Wheeler,20,Cole Winn,668390.0,CU,,,False,,1.7444,,,True
tjstats_6_pitcher_both,holdout,Zack Wheeler,20,Cole Winn,668390.0,FC,49.0,4.337595088660959,True,,1.7444,49.03023768017017,0.030237680170166925,True
tjstats_6_pitcher_both,holdout,Zack Wheeler,20,Cole Winn,668390.0,FF,52.0,4.2307897746049115,True,,1.7444,49.89830050825149,2.101699491748512,True
tjstats_6_pitcher_both,holdout,Zack Wheeler,20,Cole Winn,668390.0,FS,58.0,2.156586581031931,True,,1.7444,70.16223069954648,12.162230699546484,True
tjstats_6_pitcher_both,holdout,Zack Wheeler,20,Cole Winn,668390.0,SI,61.0,2.4585913243942854,True,,1.7444,66.76547861822316,5.765478618223156,True
tjstats_6_pitcher_both,holdout,Zack Wheeler,20,Cole Winn,668390.0,ST,,,False,,1.7444,,,True
tjstats_6_pitcher_both,fit,Tarik Skubal,1,Adrian Morejon,670970.0,OVERALL,70.0,,True,,1.7444,70.40489828615424,0.4048982861542356,True
tjstats_6_pitcher_both,fit,Tarik Skubal,2,Matthew Liberatore,669461.0,OVERALL,62.0,,True,,1.7444,62.1939928057382,0.19399280573819766,True
tjstats_6_pitcher_both,fit,Tarik Skubal,3,Brock Burke,656271.0,OVERALL,57.0,,True,,1.7444,57.71204851524243,0.7120485152424294,True
tjstats_6_pitcher_both,fit,Tarik Skubal,4,Max Fried,608331.0,OVERALL,56.0,,True,,1.7444,54.924963963236785,1.0750360367632155,True
tjstats_6_pitcher_both,fit,Tarik Skubal,5,Easton Lucas,687922.0,OVERALL,55.0,,True,,1.7444,55.05010948061967,0.05010948061966758,True
tjstats_6_pitcher_both,fit,Tarik Skubal,6,Jordan Wicks,696136.0,OVERALL,55.0,,True,,1.7444,54.945032871862765,0.05496712813723548,True
tjstats_6_pitcher_both,fit,Tarik Skubal,7,Dietrich Enns,608650.0,OVERALL,49.0,,True,,1.7444,48.65914784803687,0.34085215196312646,True
tjstats_6_pitcher_both,fit,Tarik Skubal,8,Eduardo Rodriguez,593958.0,OVERALL,48.0,,True,,1.7444,51.01481772754436,3.0148177275443615,True
tjstats_6_pitcher_both,fit,Tarik Skubal,9,Jared Koenig,657649.0,OVERALL,47.0,,True,,1.7444,46.32668812710305,0.6733118728969529,True
tjstats_6_pitcher_both,fit,Tarik Skubal,10,Grant Wolfram,664991.0,OVERALL,46.0,,True,,1.7444,45.0308143560322,0.9691856439677977,True
tjstats_6_pitcher_both,fit,Tarik Skubal,11,Blake Snell,605483.0,OVERALL,44.0,,True,,1.7444,45.24738824903038,1.2473882490303794,True
tjstats_6_pitcher_both,fit,Tarik Skubal,12,Reid Detmers,672282.0,OVERALL,44.0,,True,,1.7444,42.20823608819568,1.791763911804317,True
tjstats_6_pitcher_both,fit,Tarik Skubal,13,Bennett Sousa,656986.0,OVERALL,44.0,,True,,1.7444,44.6669382283217,0.6669382283216976,True
tjstats_6_pitcher_both,fit,Tarik Skubal,14,Jalen Beeks,656222.0,OVERALL,43.0,,True,,1.7444,43.69600713245939,0.6960071324593926,True
tjstats_6_pitcher_both,fit,Tarik Skubal,15,Garrett Crochet,676979.0,OVERALL,43.0,,True,,1.7444,38.11314641308125,4.886853586918747,True
tjstats_6_pitcher_both,fit,Tarik Skubal,16,Parker Messick,800048.0,OVERALL,43.0,,True,,1.7444,42.21773695345898,0.7822630465410185,True
tjstats_6_pitcher_both,fit,Tarik Skubal,17,Ryan Weathers,677960.0,OVERALL,42.0,,True,,1.7444,41.606603129334175,0.39339687066582485,True
tjstats_6_pitcher_both,fit,Tarik Skubal,18,Jacob Latz,656641.0,OVERALL,40.0,,True,,1.7444,40.04144412260921,0.0414441226092066,True
tjstats_6_pitcher_both,fit,Tarik Skubal,19,Matt Gage,657424.0,OVERALL,40.0,,True,,1.7444,40.273752765886215,0.2737527658862149,True
tjstats_6_pitcher_both,fit,Tarik Skubal,20,Wade Miley,489119.0,OVERALL,39.0,,True,,1.7444,40.67732455969066,1.6773245596906605,True
tjstats_6_pitcher_both,holdout,Zack Wheeler,2,Spencer Arrighetti,681293.0,OVERALL,59.0,,True,,1.7444,59.54791920504356,0.5479192050435628,True
tjstats_6_pitcher_both,holdout,Zack Wheeler,3,Yu Darvish,506433.0,OVERALL,51.0,,True,,1.7444,54.28872779921945,3.2887277992194512,True
tjstats_6_pitcher_both,holdout,Zack Wheeler,4,Yoendrys Gómez,672782.0,OVERALL,51.0,,True,,1.7444,51.47440617937181,0.47440617937181173,True
tjstats_6_pitcher_both,holdout,Zack Wheeler,5,Nathan Eovaldi,543135.0,OVERALL,49.0,,True,,1.7444,50.78497178544664,1.7849717854466434,True
tjstats_6_pitcher_both,holdout,Zack Wheeler,6,Colin Rea,607067.0,OVERALL,48.0,,True,,1.7444,46.17037107445493,1.829628925545073,True
tjstats_6_pitcher_both,holdout,Zack Wheeler,7,Zack Kelly,677161.0,OVERALL,47.0,,True,,1.7444,46.98903998548074,0.010960014519262984,True
tjstats_6_pitcher_both,holdout,Zack Wheeler,8,Dustin May,669160.0,OVERALL,47.0,,True,,1.7444,47.71393574874183,0.7139357487418323,True
tjstats_6_pitcher_both,holdout,Zack Wheeler,9,Pablo López,641154.0,OVERALL,47.0,,True,,1.7444,47.69576391182906,0.6957639118290615,True
tjstats_6_pitcher_both,holdout,Zack Wheeler,10,Mick Abel,690953.0,OVERALL,46.0,,True,,1.7444,47.27504083131547,1.2750408313154722,True
tjstats_6_pitcher_both,holdout,Zack Wheeler,11,Johan Oviedo,670912.0,OVERALL,46.0,,True,,1.7444,46.54360766121908,0.5436076612190774,True
tjstats_6_pitcher_both,holdout,Zack Wheeler,12,Cole Henry,669371.0,OVERALL,46.0,,True,,1.7444,47.052500728377545,1.0525007283775452,True
tjstats_6_pitcher_both,holdout,Zack Wheeler,13,Spencer Schwellenbach,680885.0,OVERALL,45.0,,True,,1.7444,46.68197681098323,1.6819768109832296,True
tjstats_6_pitcher_both,holdout,Zack Wheeler,14,Nolan McLean,690997.0,OVERALL,45.0,,True,,1.7444,44.868041663027306,0.1319583369726942,True
tjstats_6_pitcher_both,holdout,Zack Wheeler,15,Adam Ottavino,493603.0,OVERALL,44.0,,True,,1.7444,44.747959582528125,0.7479595825281251,True
tjstats_6_pitcher_both,holdout,Zack Wheeler,16,Joe Ryan,657746.0,OVERALL,44.0,,True,,1.7444,45.16652464155757,1.1665246415575723,True
tjstats_6_pitcher_both,holdout,Zack Wheeler,17,Troy Melton,675512.0,OVERALL,44.0,,True,,1.7444,39.96642753073301,4.033572469266993,True
tjstats_6_pitcher_both,holdout,Zack Wheeler,18,Didier Fuentes,800311.0,OVERALL,43.0,,True,,1.7444,42.70176457314156,0.2982354268584402,True
tjstats_6_pitcher_both,holdout,Zack Wheeler,19,Kumar Rocker,677958.0,OVERALL,42.0,,True,,1.7444,43.76939134748636,1.769391347486362,True
tjstats_6_pitcher_both,holdout,Zack Wheeler,20,Cole Winn,668390.0,OVERALL,41.0,,True,,1.7444,42.23047917706697,1.230479177066968,True
